ID,centroid_size_right,Comp1,Comp2,Comp3,Comp4,Comp5,Cutwindow_length_right,Sut1_length_right,Sut2_length_right,Sut3_length_right,Sut4_length_right,Sut5_length_right,Sut6_length_right,Arc1_width_right,Arc2_width_right,Arc3_width_right,Arc4_width_right,Arc5_width_right,Arc6_width_right,Rightface_len,cut_edge_length,window_to_edge1,window_to_edge2,Intersect_to_top_dist_right,dist_arc2_arc3_right,dist_arc3_arc4_right,dist_arc4_arc5_right,Rightface_height1,Rightface_height2,Rightface_height3,Rightface_height4,Rightface_height5,Rightface_height6,Rightface_height7,cutting_depth1,cutting_depth2,rail_length,window_to_rail
FEB1xPBX012-1-V35,1.952144613,0.011671582,0.024636726,-0.008226266,-0.004395433,0.006375511,0.493830943,0.206588915,0.153828638,0.116535188,0.07677708,0.078901014,0.080786694,0.105944939,0.122511755,0.099514069,0.056264554,0.086599827,0.069908869,1.262894061,0.244057801,0.289190387,0.20550944,0.049644436,0.114333766,0.088888694,0.070001714,0.203052358,0.22152826,0.21688958,0.224082306,0.241316245,0.26046758,0.404004084,0.068110572,0.069380184,0.879431367,0.145347102
FEB1xPBX013-1-V12,2.016501626,-0.004383305,-0.019102437,0.000132751,-0.008563614,0.002746739,0.483711081,0.194946685,0.124491164,0.088065714,0.052705313,0.057840557,0.058572434,0.14102982,0.123831256,0.110343509,0.069235034,0.072233233,0.065414983,1.287418533,0.229457992,0.288298058,0.212457172,0.066297813,0.110993333,0.086566564,0.068554285,0.184408785,0.190648708,0.192054497,0.201872485,0.225023043,0.259512042,0.411471141,0.055395397,0.061760262,0.9532094,0.133275729
FEB1xPBX013-1-V18,1.979848617,0.004373265,-0.034940415,-0.003098595,-0.016993017,0.006581354,0.481568271,0.182475916,0.119189974,0.072249637,0.049094603,0.038836066,0.049552901,0.125307023,0.134731808,0.104300815,0.072757817,0.066178697,0.064779086,1.263679026,0.210722282,0.272370061,0.209908861,0.069832514,0.114872146,0.084961403,0.070642339,0.18196071,0.181414718,0.189269121,0.192464153,0.21906111,0.247551409,0.393909685,0.065630785,0.063432878,0.933037888,0.142610308
KMM20-V09,2.045744602,0.006031456,-0.009616559,0.007738204,0.010172701,-0.010229087,0.502195709,0.189737977,0.135133194,0.101311599,0.065892185,0.07163414,0.087344204,0.113227073,0.134828076,0.117306607,0.077818892,0.083710214,0.074856195,1.303765903,0.234695398,0.302876377,0.224903468,0.062617969,0.117679607,0.08725881,0.080869339,0.190428701,0.200339337,0.200105622,0.21733672,0.237503726,0.257046163,0.39868697,0.080628345,0.073948698,0.943262615,0.128730571
KMM20-V10,2.005713563,0.004000856,0.009440717,0.00843407,0.003205287,-0.005414914,0.473968142,0.237767323,0.138192981,0.101552006,0.071259035,0.055130482,0.060462633,0.1582,0.12896391,0.114242286,0.080514905,0.072591597,0.068518684,1.26193257,0.245662085,0.290346362,0.21561192,0.059770394,0.107240151,0.091629962,0.082014206,0.19250374,0.193658075,0.194238256,0.206101965,0.229557139,0.283862308,0.407567332,0.069848193,0.064485425,0.925005649,0.138702704
KMM20-V29,1.990970584,9.67E-07,-0.009295223,-0.001294595,0.005966691,0.001167241,0.477256179,0.19484694,0.124013588,0.091146311,0.066780311,0.066292156,0.066811077,0.132719931,0.132042417,0.112329871,0.068618656,0.077542569,0.065924578,1.272775251,0.23554195,0.299256713,0.227780969,0.068518684,0.12248155,0.088763619,0.070864448,0.182307021,0.187649594,0.188346542,0.198459593,0.215838296,0.25554843,0.383899896,0.072389019,0.075944783,0.924158325,0.121507613
KMM5-V11,1.998351258,0.00834896,-0.021563155,-0.002810772,-0.000402047,-0.005424294,0.500882551,0.185045994,0.113635954,0.076064183,0.06534011,0.054334611,0.067529623,0.128993721,0.130393443,0.096692192,0.081379666,0.075988223,0.068008896,1.285875052,0.234728375,0.287321005,0.216289066,0.069408717,0.120863435,0.081641656,0.077456633,0.191019083,0.190272279,0.190717068,0.196057645,0.21564705,0.24592936,0.377408757,0.060097421,0.069456461,0.928279322,0.135971651
LBX001V02,2.068649565,-0.013910444,0.001662204,-0.015461676,0.002563368,0.004368927,0.491984654,0.213070528,0.124091901,0.101796513,0.062616691,0.043892824,0.084804068,0.165135005,0.111402199,0.104202351,0.090062034,0.074529189,0.064901926,1.327792849,0.258473558,0.313803155,0.223746307,0.062803901,0.104169333,0.093865063,0.079297982,0.18506226,0.18839517,0.189144733,0.202192037,0.214749272,0.261062311,0.40286952,0.067939532,0.068755291,0.952984376,0.144649922
LBX001V06,2.064204386,-0.021981663,0.013719482,-0.00972765,0.018190054,0.021213363,0.44933009,0.221365219,0.128610303,0.098221077,0.074740217,0.068544,0.085963015,0.161301116,0.123307299,0.102449988,0.077765867,0.084264643,0.058253669,1.296398878,0.2354752,0.338987463,0.267140001,0.061803964,0.113008009,0.095396279,0.08237967,0.207993293,0.213980373,0.212516023,0.216932155,0.231294185,0.276908162,0.406696754,0.066385842,0.071927811,0.937100486,0.145666056
LBX001V07,2.084439336,-0.00138423,-0.00948903,-0.01223118,-0.014270223,0.013581592,0.489992816,0.218410668,0.138559734,0.099485577,0.062623079,0.06574595,0.074429295,0.147543926,0.133382945,0.109004587,0.088447159,0.07424372,0.060552869,1.334094678,0.255201979,0.30923732,0.223281459,0.074109716,0.120060526,0.085626631,0.083773325,0.210317332,0.207071051,0.20431275,0.221641535,0.238695057,0.275636028,0.416981966,0.077975701,0.080246931,0.954781902,0.14133623
LBX001V08,2.114993175,0.00104049,0.010435198,-0.011052519,-0.016024781,0.010106802,0.513669719,0.225700022,0.154211802,0.110254433,0.0770976,0.05632566,0.078872175,0.142618968,0.140976771,0.11488973,0.089938257,0.072813872,0.0633,1.342754639,0.255412607,0.299726409,0.215684979,0.066962826,0.127125961,0.097509897,0.077488386,0.212804535,0.216143124,0.215961895,0.228691167,0.244818565,0.284538539,0.45147094,0.062683411,0.069896853,0.955088069,0.160429455
LBX001V10,2.053658551,-0.014306119,0.01196786,-0.009646893,0.024245408,0.020395956,0.436193375,0.231934495,0.133210848,0.105319039,0.077829879,0.075761732,0.0883544,0.166974878,0.117961901,0.106834124,0.092274211,0.086181495,0.0555109,1.302444536,0.256717198,0.356214781,0.266565133,0.061200163,0.110284405,0.099854144,0.077286804,0.209688197,0.210955256,0.215799282,0.223473175,0.234950591,0.287929036,0.409581884,0.074249579,0.076991493,0.938041497,0.136564271
LBX001V12,2.064425063,0.006026192,-0.006399663,-0.019181092,-0.000733604,0.006104374,0.503939292,0.208680737,0.127054083,0.089429581,0.058792942,0.059245675,0.080275152,0.14514975,0.148408625,0.0922,0.074448976,0.085036757,0.058821765,1.31445898,0.255336268,0.306450861,0.221721357,0.052541983,0.118167339,0.103628953,0.082710701,0.206452125,0.209301553,0.20657633,0.208652942,0.23676066,0.271696485,0.3915401,0.072783583,0.072981367,0.954488847,0.152220925
LBX001V13,2.02704966,0.015646083,0.004131311,-0.021848006,0.003318726,0.011883647,0.473420342,0.213695227,0.136792726,0.094379023,0.075371745,0.065260785,0.085047105,0.148916252,0.122549459,0.102701607,0.075912186,0.07974221,0.067364828,1.291625538,0.255336406,0.321614832,0.25197605,0.058319294,0.117562111,0.089771989,0.077009415,0.201392403,0.21019146,0.207247292,0.21429244,0.229199825,0.26738491,0.390728768,0.071309186,0.07125307,0.931144849,0.146316711
LBX001V15,2.028203897,0.000485306,0.007180486,-0.018392815,-0.002492276,0.008767572,0.474844859,0.201983291,0.130472143,0.093065837,0.066442231,0.060288059,0.077183547,0.129946027,0.127590164,0.101973526,0.083211177,0.081937842,0.068114389,1.284838251,0.245621192,0.316864845,0.23456449,0.05467696,0.120356886,0.084790624,0.077783353,0.206124841,0.203222169,0.208421808,0.214994163,0.233278224,0.257242298,0.415050178,0.066438694,0.066896936,0.929687845,0.143228838
LBX001V18,2.098590003,0.002592491,0.047324969,-0.010560288,-0.022661113,0.021666215,0.494537855,0.259676433,0.167285684,0.143293405,0.096313758,0.087869562,0.096446721,0.155407239,0.139066171,0.104228307,0.088916871,0.066072082,0.067600666,1.326562633,0.269112337,0.309900516,0.221857274,0.058358633,0.119722387,0.093608226,0.084848866,0.211740407,0.218146052,0.219362759,0.226641236,0.256865276,0.311660232,0.464165714,0.068161059,0.05954872,0.923708915,0.130913865
LBX001V27,2.060938628,0.010082372,-0.000133136,-0.004432573,0.005460629,0.005298265,0.48055778,0.225541593,0.134617087,0.105015427,0.068519267,0.067604881,0.081846258,0.143215397,0.113176058,0.110711562,0.08854129,0.091261218,0.06720744,1.32238373,0.260762459,0.319106158,0.245102938,0.05230239,0.099081835,0.090824281,0.08301283,0.211828067,0.217252043,0.219580418,0.226606487,0.242586582,0.279287128,0.411602745,0.067437823,0.080903028,0.946149655,0.151261528
LBX001V29,1.991766181,0.00718317,-0.000460807,-0.016591339,0.010949242,-0.002357254,0.481322034,0.212160788,0.124878261,0.093434469,0.073119423,0.064765577,0.070843207,0.145716609,0.11328164,0.110183937,0.078885043,0.084548802,0.067364828,1.273152218,0.243373232,0.299197928,0.226723113,0.046912898,0.101482314,0.100549142,0.077560428,0.191151144,0.199471025,0.199570038,0.20783811,0.228197656,0.266082262,0.371528478,0.071877952,0.072359174,0.911774676,0.136310271
LBX001V30,2.019146975,0.020969268,-0.010603866,-0.017408459,-0.010879954,0.021816545,0.473584227,0.215046809,0.121798604,0.091941558,0.062966737,0.046838979,0.057964472,0.143980138,0.121346158,0.104455637,0.079312357,0.061238632,0.069386238,1.298855535,0.253345555,0.317045139,0.238703603,0.072630366,0.111218928,0.088218932,0.070500071,0.193571331,0.192171616,0.197533212,0.20950957,0.227553598,0.27574345,0.406985258,0.066676008,0.070855346,0.963452801,0.145339946
LBX001V31,2.053027365,0.002508007,0.006463809,-0.015966808,-0.002901065,0.004263885,0.489534023,0.217220671,0.12941785,0.096041658,0.067031411,0.066167364,0.089397204,0.147501661,0.12071806,0.109585127,0.076149655,0.073602717,0.065050211,1.311772396,0.266715279,0.311528313,0.217999381,0.052369648,0.125629973,0.093744333,0.078660791,0.218532949,0.221828605,0.211354158,0.22080274,0.228288283,0.273355977,0.399509011,0.073516529,0.069169502,0.949109056,0.156300896
LBX002V02,2.042028169,0.007906814,-0.010073153,0.005310144,-0.016997809,0.015490154,0.490632011,0.21072679,0.132910985,0.100291824,0.059836611,0.082740861,0.073808197,0.1424,0.12071806,0.103662385,0.084679632,0.072988561,0.064883973,1.300912007,0.237315823,0.288390239,0.209491503,0.066508646,0.112432068,0.083805071,0.08301283,0.218657175,0.214461418,0.211781255,0.2243107,0.237330571,0.27605485,0.418527538,0.060585477,0.059175164,0.951509758,0.131903791
LBX002V04,2.037583045,0.018384762,0.001571208,0.013588695,0.020231575,0.000346734,0.491937821,0.217936986,0.128768707,0.094114823,0.059449643,0.045515931,0.054425913,0.141561471,0.116747634,0.105804726,0.081298462,0.067662176,0.079112388,1.309744269,0.268962098,0.329098481,0.253544473,0.059770394,0.112054674,0.085543264,0.082761344,0.203225195,0.209015621,0.208393114,0.220438676,0.231759574,0.285685736,0.395988005,0.075223467,0.078055429,0.94406254,0.16369609
LBX004V01,2.121276878,-0.001364071,-0.003300906,-0.017045809,-0.011786497,-0.001274728,0.507350224,0.224204371,0.132023104,0.101654169,0.063582152,0.045449312,0.083485687,0.149616176,0.136129424,0.10585901,0.08714356,0.083024093,0.072601102,1.336877201,0.232852851,0.300347832,0.224810009,0.061216011,0.1163334,0.099718103,0.079056562,0.196705719,0.199719328,0.204104997,0.213009389,0.238252156,0.282251678,0.423222128,0.066885275,0.063773662,0.980159604,0.154986741
LBX005V01,2.154191489,0.008247305,-0.00484474,-0.02754114,0.000403855,-0.013143923,0.530668126,0.230854261,0.134460998,0.099796443,0.067631058,0.056967447,0.057245087,0.162556882,0.128075603,0.126728253,0.090646401,0.082315491,0.064403804,1.373147232,0.266775486,0.310149077,0.218043757,0.06414429,0.125547919,0.097778628,0.086348712,0.203863876,0.208251483,0.213350416,0.225785252,0.240069261,0.279595887,0.389248879,0.073441814,0.073997973,1.009692453,0.151947524
LBX005V02,2.080553762,-0.003442377,-0.014134909,-0.014809655,0.010978661,0.006560374,0.525342745,0.179703116,0.113621169,0.072858013,0.047173404,0.054168072,0.070396165,0.142464908,0.130518543,0.10759052,0.067005821,0.084020057,0.069173767,1.347606011,0.253146163,0.311614008,0.225630228,0.068494671,0.126823105,0.097755307,0.082676538,0.207802045,0.206965214,0.192911638,0.196857563,0.218530364,0.252223492,0.367495007,0.072461093,0.072423822,0.945802062,0.153914327
LBX005V03,2.112495386,-0.013682489,-0.004475008,0.003774653,0.006761345,0.005076895,0.513711222,0.20490876,0.137024742,0.089727198,0.064209189,0.053108662,0.060929467,0.136607174,0.137428527,0.111171984,0.071208497,0.070307681,0.077098703,1.342135735,0.251636742,0.297146866,0.220157058,0.065598552,0.108570346,0.095216858,0.086427889,0.204723252,0.206652946,0.202541946,0.211368304,0.237251976,0.26714629,0.408782827,0.059068943,0.065562566,0.985740787,0.153781826
LBX005V07,2.089187202,0.036664683,-0.01357533,-0.002614756,-0.010751182,-0.009143829,0.525318427,0.203852594,0.127598785,0.097179267,0.064623912,0.047278431,0.074940843,0.138846678,0.118792634,0.109903321,0.086308343,0.077473673,0.063131688,1.333628753,0.256080554,0.305067878,0.223099821,0.064037801,0.122860002,0.098375302,0.077273864,0.206322199,0.199371212,0.205156452,0.212571917,0.221550175,0.26503081,0.42049591,0.063842384,0.067880851,1.008636565,0.152093425
LBX005V09,2.071935983,0.0258337,-0.003463216,0.014670903,0.006302229,-0.006713831,0.51484384,0.223312024,0.154146846,0.11290372,0.069278929,0.049085741,0.08205035,0.132878591,0.139864649,0.096706256,0.090671495,0.076212925,0.066966036,1.325137714,0.268295546,0.301330417,0.21316496,0.062004597,0.120771892,0.104319749,0.084728567,0.207802238,0.20512796,0.209908266,0.219102008,0.24544751,0.283389273,0.415488748,0.069949696,0.060193189,0.974179722,0.156069632
LBX005V10,2.060841668,0.031713915,-0.003406673,-0.001365609,0.017195974,-0.009316232,0.502515323,0.216660887,0.145622148,0.105246235,0.071847408,0.050161439,0.079384759,0.137210641,0.13642815,0.112219651,0.078817384,0.080527511,0.061503252,1.321295141,0.259087051,0.315795266,0.241854853,0.059854657,0.106360237,0.093473258,0.082360792,0.203736717,0.199257647,0.201907528,0.21902687,0.243673901,0.273600292,0.382868972,0.071092123,0.073913801,0.973866978,0.149152942
LBX005V11,2.126663526,0.000230113,-0.003638113,-0.007915629,-0.005478703,-0.002463803,0.523451478,0.207424998,0.128644083,0.099441691,0.066049224,0.07160817,0.084468456,0.161814956,0.132136937,0.111284186,0.077706435,0.070500071,0.068339154,1.350078664,0.266155932,0.307244089,0.213947657,0.059670512,0.113357179,0.101368437,0.088120656,0.211437225,0.207483132,0.208110187,0.212300636,0.227929485,0.270475729,0.408188388,0.066700075,0.069157285,0.998048055,0.135911736
LBX005V12,2.072065956,-0.008462061,-0.004231851,-0.012788704,0.009840741,-0.008214292,0.516259721,0.197863084,0.123848375,0.089934421,0.054356784,0.051694874,0.091142526,0.15804569,0.133369337,0.098511421,0.064737393,0.085558167,0.071329727,1.323452515,0.260773177,0.303295912,0.217222674,0.049706438,0.104756098,0.094530683,0.080513974,0.206942432,0.21542725,0.202120805,0.210374262,0.23434146,0.261114726,0.380093068,0.070908462,0.074699465,0.959401199,0.165223788
LBX005V14,2.068166263,-0.01053625,-0.004804042,-0.017062702,0.003071074,-0.013713138,0.518723905,0.203551591,0.121060852,0.077936513,0.047521364,0.060626727,0.079635733,0.144663921,0.128708741,0.101450481,0.070131448,0.085761763,0.083211177,1.309645666,0.241055035,0.296264004,0.204062858,0.052324468,0.114841978,0.090713229,0.076626431,0.189523429,0.195480792,0.192418944,0.202176284,0.22476986,0.255280943,0.385407901,0.071877674,0.072989999,0.957086396,0.136653211
LBX007V01,2.026942311,-0.001892573,-0.001529249,0.020027086,-0.002380755,0.006130884,0.486376192,0.192891731,0.129436703,0.099509397,0.064802006,0.055356481,0.072681497,0.12820234,0.113298985,0.098173571,0.076694198,0.079953299,0.066708995,1.30125257,0.248645692,0.301761313,0.230985584,0.052868989,0.106856399,0.081880706,0.083165498,0.213224014,0.20151392,0.200889945,0.212761134,0.226363093,0.26053163,0.418085362,0.070419387,0.077212499,0.921889625,0.146840049
LBX007V02,2.064011415,0.017488489,-0.014769244,0.006966374,0.012495148,-0.000543113,0.506845696,0.194274857,0.135545195,0.101599311,0.064895069,0.046498172,0.076520585,0.131045794,0.125216493,0.10900555,0.080064287,0.071329727,0.070307681,1.313946213,0.245522178,0.311499422,0.244352389,0.054593864,0.109256762,0.091825269,0.089703121,0.212833926,0.21653009,0.210286091,0.223899107,0.244628085,0.267438311,0.386591774,0.069175501,0.074756471,0.967742285,0.170052227
LBX007V06,2.033061335,0.025001924,-0.00969134,0.011661663,-0.004091354,0.008380199,0.482282127,0.215574813,0.14326985,0.086542128,0.067333498,0.07781221,0.059148035,0.142000317,0.121679579,0.099460947,0.080801299,0.068350347,0.063881531,1.294492186,0.263272501,0.313941858,0.237944468,0.065403746,0.110025815,0.102726238,0.07219065,0.203813346,0.200878197,0.204715705,0.208592473,0.235086048,0.283011466,0.434221107,0.07254826,0.072594284,0.962488696,0.12314727
LBX007V08,2.023424784,0.030328685,-0.016753248,0.007856435,-0.010889882,0.009112186,0.498383838,0.213548425,0.135698526,0.084944806,0.069640003,0.090588355,0.06375398,0.151100827,0.119594022,0.098882203,0.076228669,0.06813582,0.068753545,1.292475586,0.255244216,0.306772636,0.218733125,0.0606066,0.111186555,0.09989059,0.072641861,0.200830775,0.20104788,0.202465429,0.208508825,0.229407977,0.281564575,0.436340899,0.079721327,0.071543623,0.955752625,0.111097255
LBX008V01,2.051692209,0.01992089,0.003757298,0.005142513,0.022168975,-0.003568243,0.49393867,0.223575513,0.150915639,0.10706979,0.073550255,0.042283803,0.088831357,0.133908924,0.132854243,0.113048883,0.085707934,0.073299181,0.060451716,1.307468933,0.261276195,0.326548695,0.250341407,0.053074476,0.108560812,0.095904327,0.082607506,0.201454834,0.201051362,0.202481431,0.215347022,0.241855432,0.274875681,0.391450559,0.079777503,0.073141302,0.953285875,0.159238469
LBX008V02,2.049360743,0.008722257,0.010050646,-0.019413791,0.016928383,-0.004449089,0.493433886,0.234471597,0.127170437,0.089167931,0.066888714,0.043906264,0.080843676,0.16678744,0.126837297,0.108610174,0.082177613,0.079536658,0.071433886,1.298432813,0.259723103,0.316497615,0.239704151,0.060436496,0.127485882,0.096038169,0.07292311,0.197054434,0.201627478,0.200888526,0.205176436,0.221453246,0.281821309,0.381925569,0.075525492,0.072683767,0.94016706,0.158212642
LBX008V04,2.000517314,-0.001292256,-0.025431358,-0.000393307,0.004734168,-0.003279638,0.504387252,0.181844027,0.117638174,0.085384132,0.052609695,0.053045735,0.074210511,0.135930938,0.136835704,0.103219378,0.078664922,0.074358389,0.06970581,1.273452728,0.237941442,0.28547478,0.209152026,0.057612585,0.114872146,0.093136298,0.072831312,0.191739667,0.189035658,0.181012762,0.193470334,0.210870814,0.246287738,0.369190791,0.080461979,0.070646302,0.926108077,0.136059877
LBX008V05,2.068199131,0.019003895,-0.001458052,-0.00166557,0.013880564,-0.010702242,0.508631753,0.226247586,0.138515162,0.096704757,0.065315925,0.050726817,0.075383354,0.142165889,0.134033018,0.113728273,0.079264242,0.082947272,0.076058004,1.311419452,0.247604564,0.31100344,0.237254336,0.059716413,0.115640996,0.089616182,0.081246908,0.204863491,0.202430556,0.200193506,0.210434337,0.234084429,0.28270191,0.392389054,0.07562288,0.082081057,0.956831108,0.151935842
LBX008V06,2.093264742,-0.014272954,-0.006402806,-0.007337421,0.003650253,-0.002166795,0.507415136,0.209989738,0.124380585,0.09321915,0.054789963,0.043103248,0.079913516,0.168396496,0.119887447,0.110917312,0.085750394,0.075179785,0.0658,1.324424864,0.244554329,0.31095572,0.225895839,0.061535843,0.133317103,0.085083606,0.082441009,0.201861933,0.203320166,0.195750453,0.210522897,0.218976277,0.267212462,0.407514969,0.075374067,0.070092796,0.952216709,0.1602528
LBX008V07,1.954559162,0.034057785,-0.014804496,0.005378408,0.006873478,-0.001435143,0.476759898,0.205932635,0.140281182,0.098770238,0.064078077,0.046546858,0.062866287,0.126033527,0.127186477,0.116172845,0.077816451,0.06813582,0.058694122,1.248998607,0.240126134,0.297724604,0.228146641,0.064811496,0.114643883,0.089089,0.075527809,0.192725712,0.193661612,0.195675164,0.210844706,0.231122067,0.264886768,0.384907391,0.071575485,0.071029149,0.924961426,0.1472143
LBX008V08,2.017136889,-0.002078613,-0.028169439,0.004484734,-0.013426063,0.008283223,0.503561049,0.174528193,0.109518811,0.084638053,0.063132321,0.058852018,0.073306207,0.137422451,0.111469637,0.082917429,0.070631013,0.078552021,0.073732829,1.282355247,0.238590905,0.286613782,0.214376585,0.056764249,0.117084798,0.092206562,0.07571486,0.196618539,0.199239203,0.197361217,0.196056242,0.210136836,0.241746582,0.392670574,0.067293759,0.060820556,0.953945685,0.140488932
LBX008V10,1.982658803,0.035416218,-0.01272869,-0.005473668,-0.009161817,0.025782729,0.484228892,0.201804187,0.135446558,0.091120634,0.064797531,0.056553161,0.057107705,0.127372603,0.130670769,0.103703905,0.07503226,0.053285364,0.060466933,1.289657881,0.254382645,0.308082797,0.237667751,0.062581866,0.107758851,0.087334128,0.071188272,0.19678783,0.194431685,0.198303202,0.205678827,0.22884982,0.265274989,0.375999481,0.068540572,0.063968821,0.947636185,0.13793542
LBX008V13,2.001123381,0.020579037,-0.018638013,0.011130987,0.00487061,0.012532928,0.482883713,0.208904045,0.134279745,0.089860892,0.062626592,0.060601155,0.076805013,0.128817118,0.115053249,0.092205043,0.066117017,0.082238981,0.053614644,1.322012031,0.261573947,0.31110982,0.22246348,0.06212254,0.098954586,0.094121039,0.078389859,0.188369238,0.190872104,0.195124781,0.205400341,0.228312768,0.26527957,0.400582588,0.075914821,0.067790855,0.961648777,0.13342541
LBX009V01,2.076669792,-0.006521225,-0.006427796,0.005481125,0.009809207,-0.001306716,0.499361242,0.195056018,0.128113895,0.087518284,0.059954983,0.052968387,0.074218192,0.129596489,0.118220557,0.116230977,0.079153143,0.077081256,0.066752453,1.323989615,0.248693888,0.302292987,0.228177562,0.043922318,0.110387137,0.097509897,0.074829473,0.208765059,0.203376006,0.202778746,0.211505697,0.225040308,0.254991333,0.385987694,0.061125527,0.069597486,0.967411045,0.15041825
LBX009V03,2.016033024,0.025589917,-0.017080655,0.021738711,0.010224906,0.000110556,0.475859748,0.208382821,0.130384393,0.092501676,0.063067979,0.051250854,0.062837966,0.1252,0.125565322,0.10933874,0.075628103,0.068755363,0.063445882,1.295783879,0.244803676,0.303947249,0.229946189,0.06331548,0.108974309,0.090632555,0.078420661,0.215130774,0.210407699,0.206862781,0.211818248,0.227428802,0.261157979,0.384532196,0.063496299,0.066711693,0.963695647,0.159373555
LBX009V05,2.102023309,0.006401418,0.017203084,-0.012370316,-0.006060561,-0.009637066,0.51985322,0.22598584,0.155943387,0.107335921,0.074080024,0.039580424,0.052285466,0.134968515,0.140265926,0.1035,0.077731139,0.085452326,0.073426017,1.327100377,0.253247014,0.30270033,0.221724266,0.055317719,0.117800552,0.091376419,0.080964498,0.204707792,0.207347293,0.207100362,0.220505329,0.245438485,0.277234071,0.419675172,0.068688354,0.071636653,0.960568259,0.167898571
LBX009V06,2.110029881,-0.02000095,-0.005889343,-0.003063697,0.010145875,0.001400929,0.520170164,0.203206324,0.13188332,0.098316326,0.064232235,0.051120348,0.078020831,0.135201812,0.120934404,0.115109774,0.08341175,0.069328854,0.069552426,1.335558864,0.24891605,0.293450132,0.212949031,0.070107132,0.108826927,0.093197639,0.082351442,0.20602245,0.214953483,0.21117694,0.222899551,0.236885394,0.264213853,0.399568292,0.062441092,0.06849416,0.978047903,0.163886211
LBX009V07,2.048434963,0.027475545,-0.014838941,-0.012528843,0.005862347,-0.016778549,0.522074726,0.20083436,0.126094766,0.096973244,0.058173276,0.045209955,0.070675668,0.146734897,0.12018623,0.111571726,0.080627353,0.075082421,0.072389571,1.317560112,0.255509922,0.30694001,0.220193778,0.053206015,0.118974493,0.09060596,0.078174484,0.19318561,0.191086708,0.195280516,0.209731304,0.219515398,0.258858146,0.370051483,0.071682146,0.069732704,0.954996817,0.147128141
LBX009V08,2.006478527,0.006873871,-0.008466875,0.007872169,-0.000140829,-0.00949792,0.490944742,0.195391325,0.137099854,0.103281024,0.063368841,0.035938976,0.066453367,0.114479037,0.120698509,0.116816994,0.076101643,0.076728417,0.081618197,1.263604115,0.226784237,0.283703877,0.213055509,0.055404422,0.107182694,0.090837052,0.07646764,0.192400416,0.18703243,0.191352267,0.205095978,0.224095158,0.252615835,0.414673486,0.058839188,0.066827015,0.943793632,0.151136627
LBX009V09,2.108241915,-0.002608761,-0.003047672,0.003117823,0.005399541,-0.008716557,0.531885796,0.19972824,0.131647294,0.093172206,0.065465258,0.046311338,0.085730333,0.130539228,0.133908924,0.105899669,0.076790104,0.081152757,0.07503226,1.322691876,0.250460456,0.302797688,0.216891171,0.053230442,0.115555398,0.093119976,0.089773326,0.206672011,0.209157405,0.202987315,0.208795905,0.228670811,0.26280917,0.410291518,0.059836611,0.063432878,0.987800289,0.163015705
LBX009V10,2.012595257,0.024093029,-0.010341545,0.002598628,0.006644845,-0.00599147,0.49879988,0.210601614,0.12683442,0.107869041,0.080901051,0.052328959,0.074791443,0.122601998,0.118119643,0.105801701,0.085008823,0.076450507,0.072327934,1.29493869,0.260866939,0.294492818,0.213407263,0.056819803,0.090588355,0.099950488,0.072591597,0.212563496,0.210692406,0.215440061,0.216953497,0.241722672,0.269981481,0.377155313,0.0695829,0.069407564,0.948437367,0.158364043
LBX009V15,2.129451438,-0.00536603,-0.007231939,-0.01535428,0.008079102,-0.013841481,0.522808148,0.205160937,0.131359431,0.097896782,0.066702699,0.066034006,0.062949265,0.144746019,0.133976304,0.115626165,0.067901841,0.090227767,0.078702287,1.332549534,0.251370503,0.299778752,0.227536722,0.053445299,0.126113798,0.092413094,0.0842038,0.204400881,0.218619784,0.209801859,0.2200649,0.233018883,0.260058224,0.383882339,0.061504227,0.071957557,0.988687413,0.154740105
LBX009V17,2.125139559,-0.00783441,-9.88E-05,-0.02419925,0.002287303,-0.003957559,0.522308357,0.19605971,0.121847651,0.089323513,0.063155126,0.054247304,0.070193447,0.149564735,0.132263865,0.110491357,0.084902886,0.074384541,0.071487062,1.349876635,0.261031512,0.319114917,0.222713381,0.056125752,0.119344292,0.092468914,0.083699701,0.203125798,0.203485257,0.205600219,0.21109062,0.223481655,0.256566911,0.399118291,0.070389559,0.07221918,0.986009559,0.149463307
LBX009V21,2.095521619,-0.019139183,-0.00698695,-0.009869545,0.001762709,-0.00505729,0.496945923,0.19928595,0.122059043,0.091198794,0.06222387,0.05460586,0.073575607,0.140265926,0.122479468,0.106997617,0.077707786,0.081152757,0.067980144,1.339918225,0.238749785,0.296437734,0.216392652,0.054720563,0.11330887,0.098104077,0.078885043,0.193778353,0.200848799,0.201831241,0.210385266,0.222349814,0.256140606,0.38993016,0.065268139,0.070777751,0.966904525,0.148708709
LBX009V22,2.064142,-0.021136452,-0.02347817,-0.01160702,0.000183384,0.010435415,0.46932558,0.196297173,0.111456942,0.075246927,0.046481179,0.052790245,0.051177827,0.148937571,0.147097009,0.08002106,0.073157911,0.083577569,0.071900626,1.313270517,0.238450938,0.310731476,0.239977207,0.074856195,0.117052211,0.088157189,0.086494682,0.194829207,0.204132555,0.195186577,0.196372834,0.217371686,0.251558045,0.394431046,0.063841836,0.069091968,0.955214159,0.152147856
LBX009V23,2.07754661,-0.013305315,-0.004827117,-0.017188819,-0.003552551,0.005027016,0.498896462,0.200527504,0.123062586,0.095277699,0.059738514,0.043993636,0.074857799,0.1608,0.101973526,0.11431929,0.070173001,0.082460233,0.070572587,1.313718334,0.245690578,0.301764826,0.230488611,0.058841142,0.119393216,0.092815193,0.075804551,0.19690579,0.197746226,0.197696839,0.21109036,0.21273648,0.256087641,0.395595677,0.07377242,0.077847286,0.960381055,0.154640777
LBX009V27,2.015299252,0.005228585,0.012915644,-0.013021335,-9.36E-06,0.012841062,0.490015061,0.224282144,0.137024742,0.105996462,0.065852714,0.045425213,0.066493007,0.135904452,0.12194466,0.117105166,0.085201467,0.069255253,0.06375202,1.303907547,0.241127622,0.304699852,0.225205551,0.056272284,0.11378405,0.091052732,0.08328037,0.210446003,0.204384001,0.207003019,0.225307545,0.246478173,0.285792407,0.392695302,0.068010881,0.069901931,0.895178714,0.158978646
LBX010V01,2.04676926,0.014049016,-0.014972092,0.02088595,0.004681514,-0.00353699,0.503418762,0.185496334,0.124058454,0.096097711,0.055418769,0.041070671,0.07194755,0.122285322,0.130783065,0.103803709,0.078507197,0.069550126,0.064365363,1.314545655,0.247485313,0.301543894,0.226475716,0.067604734,0.118420015,0.091737233,0.076412892,0.210761714,0.206603122,0.204159668,0.210831046,0.22853678,0.253767157,0.403853934,0.057076878,0.067808333,0.955413303,0.165808594
LBX010V02,2.005720586,0.000935484,-0.003904342,0.008575614,-0.003584773,0.007892994,0.478570716,0.196157003,0.114859566,0.090462921,0.06201008,0.051720112,0.067224177,0.116536089,0.113019512,0.105246568,0.083076471,0.064088767,0.072465854,1.2805164,0.245117523,0.28442477,0.206434614,0.055117692,0.11303066,0.089670619,0.073026297,0.212537079,0.207222224,0.206985241,0.211346942,0.227001189,0.25182347,0.393689535,0.05164804,0.063955766,0.945453595,0.155508006
LBX010V03,1.992785948,0.005086413,-0.009084587,0.014083991,0.003825494,-0.000649481,0.491832248,0.197037687,0.126063833,0.092052648,0.064626001,0.050483364,0.072036727,0.157081508,0.12010816,0.100269487,0.080907478,0.06209839,0.063709497,1.272104119,0.253401993,0.283813548,0.201521438,0.062004597,0.102447694,0.089839078,0.079114221,0.221725619,0.210075724,0.209278308,0.206095754,0.225411845,0.260955169,0.376475125,0.065180519,0.055834219,0.921175694,0.160468564
LBX010V04,2.032417982,-0.001880057,0.004648902,0.017256891,-0.001847518,0.008896348,0.487356553,0.197552854,0.133705123,0.102622122,0.071771652,0.061514307,0.061348187,0.120876507,0.116747634,0.092899569,0.085529469,0.067038049,0.070192379,1.289371293,0.256453368,0.302007699,0.22107216,0.064703787,0.116304127,0.090462368,0.07565884,0.214771716,0.214066158,0.212477293,0.216983916,0.230606721,0.264237488,0.410501754,0.061783169,0.062628109,0.941526102,0.152775685
LBX010V06,2.076954577,-0.006850647,-0.008506229,-0.016027013,0.000201869,-0.003055899,0.5176655,0.172087797,0.117751476,0.087187614,0.059359414,0.064301866,0.081296002,0.119095676,0.126661281,0.101405966,0.076594125,0.073792412,0.078706353,1.325176913,0.249411808,0.308878374,0.221581678,0.06080995,0.110706278,0.089144489,0.078089692,0.197664969,0.206736789,0.197112963,0.208313826,0.226448228,0.239764426,0.393844639,0.064701855,0.065017305,0.96205543,0.144170767
LBX010V07,2.074424184,-0.004812044,-0.007549886,-0.007302778,-0.004088704,-0.000135676,0.515418519,0.181704871,0.121590501,0.091204441,0.063111409,0.042318081,0.066312065,0.124318985,0.128913964,0.102535555,0.078928385,0.078174484,0.066976488,1.315541124,0.248901748,0.298651251,0.220492902,0.066297813,0.118159553,0.092597732,0.076966551,0.212516588,0.212771826,0.207011715,0.217243665,0.225087738,0.246381107,0.395380184,0.070709122,0.068676925,0.958342762,0.170458939
LBX010V09,2.052809619,-0.011751746,0.001355662,0.018067792,0.007311475,-0.003120348,0.513694666,0.18985692,0.132012462,0.097210082,0.057269276,0.063469757,0.064193536,0.128288581,0.112282367,0.118608263,0.071496084,0.071404482,0.069174056,1.295176085,0.241384776,0.286463436,0.210814729,0.063780326,0.10966426,0.097180296,0.076790104,0.215891871,0.215983796,0.209915078,0.220950515,0.23137582,0.254928716,0.389098471,0.058208676,0.059273772,0.947299583,0.152516917
LBX010V12,2.098183062,-0.004470543,-0.010072962,0.008584637,0.00941321,-0.000224808,0.511808421,0.192575492,0.117451352,0.08536422,0.060850637,0.051453377,0.065554939,0.131406925,0.121112881,0.102353554,0.074852388,0.081416276,0.074175535,1.34244747,0.251730014,0.307522032,0.222964504,0.059836862,0.112720983,0.087638462,0.080527511,0.20917899,0.206577637,0.204063127,0.212686859,0.22791448,0.256998307,0.38659934,0.063560994,0.067391765,0.983066102,0.155312234
LBX010V16,2.09583085,0.008696147,-0.02224527,0.006700885,0.001145462,0.001188323,0.50187354,0.191801277,0.119110411,0.084944806,0.063897809,0.050624599,0.080799629,0.139247154,0.120845066,0.103056975,0.080163957,0.079437586,0.068423388,1.341104623,0.249763568,0.31363128,0.237651531,0.06790891,0.11751736,0.09137817,0.077211722,0.213602341,0.205299781,0.202230463,0.210598029,0.228591885,0.26074175,0.401527546,0.066330234,0.072091192,0.990324215,0.155405952
LBX010V17,2.121765736,-0.004132949,-0.000856065,0.00796953,0.006428779,-0.008545481,0.522105009,0.20360555,0.135208358,0.099553905,0.066789296,0.045774775,0.07224327,0.144062938,0.126994331,0.111041344,0.089212611,0.075081289,0.0719,1.344938303,0.259515799,0.302908319,0.22292584,0.064715145,0.110063618,0.097898927,0.083510778,0.218957096,0.212287282,0.218469037,0.222277147,0.238913708,0.270450088,0.407648991,0.065144225,0.068029552,0.979114237,0.166543808
LBX010V18,2.074367884,0.002400836,-0.003901919,-0.005723462,0.003414743,0.003711216,0.514938958,0.206674261,0.132624131,0.093564523,0.059998167,0.051330011,0.089049761,0.133718099,0.129539531,0.102477559,0.07572219,0.085576223,0.064792052,1.31950665,0.254844835,0.302354312,0.219891655,0.075016865,0.116193287,0.086027031,0.082257219,0.210152825,0.209351188,0.204767112,0.212565143,0.237437655,0.270588119,0.395949454,0.074863609,0.07233063,0.969323728,0.15849571
LBX010V24,2.144736908,0.002303435,0.003875929,0.003227584,-0.000216932,-0.001801526,0.526974648,0.199463405,0.147393691,0.10615126,0.075248123,0.057661512,0.053225276,0.117106191,0.11877786,0.122067891,0.081160705,0.076875289,0.071125804,1.363620493,0.270044533,0.309803309,0.228445179,0.062667137,0.109184294,0.099068057,0.077161778,0.210152183,0.212509882,0.210284617,0.223917954,0.243276489,0.262321654,0.414291311,0.058671373,0.062292857,1.002113791,0.154900291
LBX010V26,2.059965475,-0.015253954,-0.019340979,-0.000191129,-0.013820212,0.003802922,0.505619383,0.189574735,0.126878209,0.087164213,0.059202872,0.053312663,0.082128253,0.129612538,0.133809006,0.109549715,0.065068041,0.072783583,0.071208497,1.290341366,0.23867193,0.271727989,0.202951669,0.071335826,0.108668763,0.094696568,0.081713769,0.212082083,0.207194064,0.199121998,0.209311275,0.230862253,0.255911801,0.394409052,0.054200092,0.067053561,0.96259064,0.154436071
LBX010V27,2.026249063,0.012659813,0.020772944,0.020110195,0.001067976,-0.000370924,0.486979281,0.224168084,0.163988597,0.114907485,0.074672619,0.068143672,0.065111366,0.1252998,0.134431284,0.102940857,0.075567784,0.079915768,0.067038049,1.28578756,0.246766225,0.29628353,0.216403905,0.067736622,0.114411363,0.090820813,0.068403582,0.212561544,0.214783472,0.217412166,0.227886485,0.254704731,0.288515961,0.430083027,0.064146395,0.067095454,0.92763744,0.146670856
LBX011V01,2.089358542,-0.004709381,-0.023314536,-0.009875949,0.00074268,-0.010185243,0.511731502,0.197521265,0.119568767,0.080514595,0.059002797,0.051811678,0.060429298,0.152656019,0.139809656,0.114452304,0.069,0.090832869,0.068508832,1.330236949,0.235557742,0.298949845,0.215340126,0.067792109,0.117679607,0.102072131,0.076966291,0.196318568,0.203555643,0.205044581,0.20424664,0.225533057,0.260959231,0.382490889,0.083452082,0.076925938,0.962862836,0.153956
LBX011V02,2.107714871,-0.019238739,0.000308313,0.005996582,-0.001609586,-0.021044411,0.523615164,0.203022092,0.137528506,0.108724836,0.075081289,0.06697298,0.07507443,0.126447222,0.124011975,0.128497549,0.076251426,0.079216791,0.064437567,1.343750903,0.249050437,0.348102643,0.235275031,0.058904159,0.103296079,0.092509729,0.083546933,0.213434393,0.214257135,0.212634828,0.222176911,0.240222085,0.264014128,0.407325239,0.073963572,0.073198702,0.964145347,0.147362478
LBX011V03,2.068170916,-0.026946281,-0.007833967,-0.017319052,-0.003460695,-0.00322559,0.516381409,0.191172017,0.1226612,0.086938426,0.063503071,0.059794481,0.067529253,0.134692576,0.129450068,0.111568185,0.073333008,0.077765867,0.07445267,1.30956636,0.229738286,0.285302681,0.199932414,0.06550374,0.111860002,0.089057285,0.074187398,0.196915032,0.207703105,0.205730916,0.213784939,0.232729822,0.250572644,0.389113158,0.074078067,0.067995882,0.93095038,0.149767019
LBX011V04,2.059382049,-0.008592504,-0.001828207,0.015406968,0.016274448,-0.004348334,0.48976527,0.193295654,0.125288028,0.09279278,0.065940352,0.055975173,0.057130115,0.140032461,0.128288581,0.12073943,0.076666812,0.078817384,0.0647,1.284016452,0.237697329,0.301262178,0.232717038,0.0404,0.117712361,0.096232479,0.074573051,0.199990625,0.203565469,0.203243425,0.21306384,0.231755216,0.253829273,0.407446291,0.061143274,0.071480697,0.956369662,0.147591328
LBX012V01,2.117902999,-0.019695302,0.005378495,-0.013846822,0.004867664,-0.006009696,0.499801281,0.220677525,0.121762268,0.086153932,0.061263774,0.045079153,0.043214002,0.159615162,0.148389656,0.102469996,0.0755,0.082,0.07053127,1.331363125,0.252571356,0.303174042,0.214997163,0.059037361,0.121342903,0.099743922,0.085502865,0.210423216,0.219120538,0.211662491,0.20755168,0.22807992,0.271544564,0.388961541,0.069779367,0.067625217,0.964788583,0.174239203
LBX013V01,1.989414402,-0.005772264,-0.011012346,0.00576282,0.002477602,-0.010933017,0.497172254,0.187881585,0.118436523,0.08421621,0.062285231,0.044366767,0.074524962,0.128272094,0.129056422,0.09383315,0.090737864,0.0769761,0.066665883,1.252934958,0.230170241,0.277194011,0.197473897,0.061939083,0.099151601,0.095643191,0.068541666,0.193828094,0.197944664,0.201538334,0.20079746,0.218329751,0.248597707,0.393564658,0.058424738,0.064089079,0.927641181,0.15360013
LBX013V03,2.131364788,0.025091585,0.016276064,-0.004105198,0.005682248,-0.009469547,0.521002159,0.226625506,0.159728927,0.12778388,0.087581391,0.048856729,0.091056246,0.134135491,0.116516308,0.1297,0.089902725,0.073193579,0.081338429,1.352155808,0.266412331,0.320672933,0.243578653,0.0532,0.105217869,0.100992772,0.086634,0.216408734,0.218807701,0.225409228,0.243974363,0.2573858,0.280763691,0.425029999,0.057265871,0.077030189,0.993674112,0.169954494
LBX013V04,2.046117829,0.013766186,0.007178667,0.018019559,0.009770224,-0.009821687,0.496428464,0.225298047,0.147890128,0.106032872,0.085451799,0.056189412,0.086542128,0.12663321,0.131028432,0.093894675,0.083510778,0.085498655,0.084819102,1.294371852,0.246188485,0.295700964,0.227017709,0.059156487,0.113887005,0.090820813,0.075081289,0.20963628,0.215224627,0.218587031,0.220532741,0.243471744,0.284764973,0.407180476,0.060024662,0.076302687,0.946691571,0.159373555
LBX013V05,1.977334195,0.023230742,-0.001671913,-0.020684228,0.000351525,-0.001103248,0.478974874,0.206766656,0.128207644,0.096940858,0.070020354,0.06362586,0.060231636,0.1309,0.119409757,0.110142862,0.07983389,0.081324658,0.07294779,1.259517566,0.237886801,0.301766681,0.229979912,0.05230239,0.106472766,0.089812527,0.072621829,0.185651555,0.189657085,0.190766087,0.201456546,0.219742622,0.257783494,0.394881919,0.061987902,0.076834432,0.929972607,0.127322347
LBX013V07,1.97923494,0.00307198,0.003502404,-0.018256835,0.004585223,-0.007129999,0.474828653,0.203331158,0.133343354,0.10344878,0.077271275,0.06654397,0.07625936,0.123998589,0.125575197,0.107046018,0.079216791,0.084911542,0.061471619,1.255909431,0.242370997,0.28441976,0.212141274,0.053902319,0.104737434,0.089707302,0.077681722,0.188904685,0.205347145,0.207475926,0.211754787,0.2292332,0.254028187,0.371867624,0.063804467,0.066631224,0.912745227,0.141024289
LBX013V08,2.078755042,-0.007573777,0.006510478,-0.032419066,0.000600731,0.004890762,0.481200509,0.211023601,0.133322541,0.096020206,0.064929577,0.052537606,0.062619885,0.141251124,0.134913787,0.108852423,0.082449742,0.08873838,0.064701932,1.320523627,0.253231673,0.318681989,0.24213139,0.059004152,0.112910451,0.095100473,0.080968759,0.191903153,0.205700097,0.206078141,0.212068338,0.230229842,0.259976249,0.404130375,0.070632924,0.067172688,0.939636866,0.154240624
LBX013V09,2.099091692,-0.002600984,-0.003805113,0.001016133,0.005419151,-0.000763003,0.494353082,0.201479527,0.129008062,0.100082216,0.072565625,0.045487801,0.077889216,0.132369861,0.116816994,0.107370014,0.085008823,0.079427011,0.080700248,1.355104431,0.251370503,0.306353684,0.235381733,0.06414429,0.106363199,0.093445439,0.083601435,0.208270017,0.211778776,0.212396634,0.211229851,0.224216012,0.256204001,0.394525943,0.057432482,0.067799705,0.973340254,0.166362406
LBX013V10,2.062514662,-0.011554542,-0.023231498,-0.015012442,0.010692507,0.001914482,0.500973582,0.177347484,0.119090596,0.084070744,0.050655799,0.039580424,0.051197754,0.129550955,0.127520743,0.115749773,0.07778766,0.078827977,0.06470935,1.321912361,0.237801283,0.303617473,0.228116571,0.071290953,0.1125092,0.088757197,0.076875289,0.180903344,0.192887221,0.190905736,0.202618459,0.219017008,0.235002574,0.378359842,0.053836883,0.069100651,0.970030438,0.153846839
LBX013V11,2.038777182,0.010329894,0.001218313,0.012240619,0.004049157,-0.006287366,0.483051064,0.208894279,0.147312796,0.112876082,0.063788714,0.051965469,0.085653838,0.125324618,0.122136686,0.102549939,0.088930591,0.074783019,0.068774487,1.309074459,0.259382652,0.299050782,0.219955018,0.05180473,0.110152122,0.096093808,0.073752288,0.209449039,0.21635427,0.214461978,0.223571241,0.241678464,0.268922331,0.382208857,0.062324393,0.075644762,0.942251861,0.164391788
LBX013V14,1.98960815,-0.000870253,0.002251334,0.01035943,0.00262924,-0.00680714,0.479614355,0.211840034,0.144284788,0.107973423,0.077194624,0.05328649,0.053442492,0.12979191,0.11081286,0.119992833,0.085263884,0.071404482,0.069,1.279333733,0.229662121,0.280885493,0.209314142,0.061483331,0.111661497,0.087330693,0.077235355,0.198527429,0.19961027,0.198303454,0.217463675,0.232506107,0.262271691,0.393291673,0.074633572,0.069068155,0.896319837,0.146334856
LBX013V16,2.049200226,-0.011245839,0.007749486,-0.001044871,0.011118524,0.00014496,0.487590125,0.21550522,0.138832273,0.110022725,0.064948364,0.060081362,0.065908573,0.142665518,0.122739928,0.1065023,0.082811714,0.090038936,0.067980144,1.311026056,0.23514857,0.299615921,0.224696239,0.058316807,0.104843693,0.093631832,0.076219748,0.189916455,0.197784175,0.200466481,0.215294148,0.23553263,0.267372044,0.400082716,0.065012999,0.07273328,0.929244796,0.139002338
LBX013V18,2.045034539,-8.90E-05,0.017360184,-0.035326899,-0.006374227,0.008832398,0.477801821,0.209415878,0.126612361,0.095092797,0.071238543,0.051487183,0.064220012,0.151033903,0.129308082,0.10778126,0.071608449,0.07534567,0.065967644,1.294240492,0.259455526,0.31790195,0.238761178,0.0613653,0.119388651,0.10057957,0.077824739,0.18927974,0.200438644,0.202846173,0.204571943,0.216609233,0.263704114,0.408952332,0.065904173,0.065775375,0.927503881,0.149653266
LBX013V19,1.872713191,0.019612162,-0.000340123,0.005652495,-0.00074077,0.007483535,0.456718951,0.192624635,0.125831355,0.093086197,0.06466939,0.06915273,0.06697298,0.128072206,0.115673074,0.094193418,0.081366455,0.06304768,0.065833502,1.207922787,0.23049193,0.280001429,0.208649083,0.065882699,0.112046642,0.089528152,0.068929239,0.188430067,0.191499191,0.191599008,0.195834318,0.20968369,0.250471895,0.372275704,0.057034025,0.066044909,0.867224152,0.122429572
LBX014V01,1.846451898,0.027216116,-0.033955904,0.023220283,-0.02122869,0.024031325,0.441116425,0.183568679,0.121290766,0.09091408,0.057228315,0.047830221,0.046713167,0.120318328,0.110255385,0.086400521,0.072089944,0.058449979,0.061357966,1.18985065,0.209022487,0.269589503,0.212388535,0.06551496,0.108518432,0.077472382,0.070910154,0.195318663,0.189359869,0.192712869,0.200368685,0.216921368,0.253721777,0.390516133,0.059745209,0.057578121,0.875294156,0.142553604
LBX014V02,2.120142369,-0.004249759,-0.003696341,-0.003968595,0.012136931,-0.003771226,0.522836581,0.210800854,0.141320204,0.096070027,0.062011934,0.037678907,0.081097287,0.14259737,0.153480455,0.109193635,0.079915768,0.07294779,0.06472233,1.351997115,0.255758793,0.309907034,0.223322301,0.057361398,0.128051943,0.096690227,0.079035182,0.200547575,0.20175951,0.20274775,0.212414359,0.235162008,0.268691589,0.39019959,0.068394737,0.065096928,0.979292449,0.164159069
LBX016V01,2.094918644,0.008654544,-0.004082649,-0.012286065,-0.003422612,0.003449284,0.499358989,0.200920009,0.129566238,0.107080577,0.075528604,0.063211391,0.078865075,0.131603799,0.112274886,0.132859098,0.083347226,0.068032419,0.077818892,1.3377334,0.246857307,0.318344106,0.233858184,0.066907473,0.109556652,0.109830142,0.068502628,0.198846499,0.206343524,0.205791448,0.221914263,0.230335842,0.260186279,0.414241982,0.075850181,0.073567928,0.970358253,0.143233411
LBX016V02,1.951197322,-0.007586417,0.003429444,-0.000163103,0.001421413,-0.013260466,0.484354251,0.190160906,0.128481905,0.0900894,0.057245087,0.045292935,0.069416497,0.115836307,0.131024044,0.104548219,0.07593326,0.07664757,0.064317494,1.24265758,0.221686987,0.268037348,0.193258195,0.056803169,0.104064595,0.092906028,0.0719,0.187968428,0.192556096,0.187329549,0.191887493,0.21867796,0.246508032,0.389782965,0.056745925,0.067713514,0.895145888,0.147291276
LBX016V03,2.037730272,0.019188733,0.010820519,0.005182971,0.003532137,0.011172617,0.480193982,0.224831048,0.143334574,0.114079621,0.091666842,0.056680596,0.066630098,0.143757469,0.11919031,0.111522643,0.089735723,0.06675822,0.06331548,1.313895266,0.257829905,0.313854998,0.228813658,0.066962826,0.112193806,0.097411755,0.08184131,0.207774517,0.208996675,0.209458827,0.21940686,0.23807377,0.278669553,0.404981543,0.071102883,0.070447711,0.942298307,0.152575358
LBX016V04,2.087227089,0.003899288,-0.003164132,-0.010857527,0.009498293,-0.008704816,0.510234544,0.217334236,0.128085753,0.107697539,0.053240023,0.056668157,0.056932416,0.151842682,0.127935648,0.11528339,0.086018835,0.077404716,0.084450518,1.32758857,0.245141755,0.308507245,0.221876294,0.064065669,0.108473637,0.091684295,0.082012804,0.198527429,0.195911128,0.198246639,0.211331328,0.232328474,0.274439593,0.403692284,0.070100285,0.069001812,0.972901023,0.139982035
LBX016V06,1.971835114,-0.01534714,0.012821225,-0.007711713,-0.005954668,0.004167588,0.46977054,0.188768244,0.124255583,0.104646309,0.07864706,0.067389391,0.078703558,0.140535156,0.100537804,0.092145646,0.082703446,0.076312843,0.067657963,1.256330092,0.234980531,0.282311884,0.207591642,0.047503789,0.111688182,0.087807346,0.083437761,0.19387759,0.210856942,0.203593025,0.209986904,0.20958645,0.242183608,0.39375467,0.055113156,0.061841814,0.896971755,0.144036801
LBX016V08,1.90477763,2.23E-05,-0.002053708,-0.014675402,-0.013841981,0.003915522,0.459182371,0.188622295,0.129012247,0.102635764,0.070213959,0.069582253,0.073886399,0.112282367,0.11966194,0.106854761,0.078559277,0.075622351,0.064737393,1.198974066,0.222173671,0.273656208,0.203531324,0.052903403,0.104435674,0.08417363,0.070192379,0.178890833,0.185089303,0.188183767,0.199847267,0.217168713,0.242403898,0.395027012,0.065661937,0.064245233,0.870082002,0.11601905
LBX016V09,2.076535504,-0.006969839,0.007263926,0.000765427,0.00718552,0.002032404,0.499162228,0.197778917,0.135936493,0.097915882,0.07206053,0.057839519,0.070597025,0.134430056,0.123998589,0.106643331,0.083511736,0.079427011,0.067903608,1.315253322,0.258643326,0.305089511,0.225332931,0.054300829,0.113776316,0.088120656,0.085344596,0.199789514,0.203086238,0.202275901,0.209102391,0.226714358,0.252625038,0.403925661,0.059291905,0.065984392,0.957196458,0.145246721
LBX016V10,1.989257262,0.01345457,-0.003177526,0.007017929,-0.019048024,0.005872539,0.476050354,0.20831133,0.142217017,0.107702043,0.0811498,0.066270733,0.075602249,0.124452079,0.118168735,0.097357075,0.085447586,0.076120562,0.063734606,1.281064073,0.23171517,0.278713903,0.206468254,0.059386278,0.105996085,0.095121396,0.07593326,0.195783171,0.199707311,0.206262163,0.21106255,0.227051206,0.262325771,0.41056041,0.066251415,0.069460348,0.919756712,0.133527675
LBX016V11,1.985415322,0.014817862,-0.012061794,-0.006729898,-0.004076089,0.004570122,0.480120735,0.195228507,0.129350261,0.0960188,0.075678861,0.052943083,0.050699606,0.131855413,0.11668119,0.105627885,0.082778318,0.080821346,0.065640993,1.270036535,0.230526441,0.293832078,0.224608571,0.066962826,0.119288725,0.088423074,0.079238942,0.185922618,0.188204702,0.195712365,0.202408745,0.218066343,0.255930772,0.402272569,0.067082039,0.076249131,0.927322948,0.136171436
RX013xINV7-1-V17,1.983240937,-0.003585733,-0.013807203,-0.002371473,-0.006629331,-0.011064793,0.495092092,0.188083864,0.107331356,0.072764071,0.051444922,0.041367862,0.070126243,0.134501822,0.122739928,0.102137799,0.070591855,0.075575657,0.071913629,1.264720337,0.221861398,0.276976028,0.203794504,0.066924211,0.129422409,0.089727142,0.074398723,0.187154802,0.183046497,0.182349609,0.187310891,0.2011704,0.247074341,0.389095284,0.069985856,0.076323784,0.910704963,0.141986619
RX013xINV7-1-V18,1.989023721,-0.005531278,-0.025205706,-0.016995692,-0.002246557,-0.000866063,0.496958047,0.188080435,0.110936243,0.085668197,0.052330679,0.063278748,0.075560373,0.14350892,0.134494795,0.10759052,0.074143172,0.076616513,0.063289968,1.25870744,0.227641319,0.284521651,0.205433882,0.07040348,0.102525363,0.092934923,0.076699218,0.18773452,0.193500517,0.193567404,0.20285729,0.218267359,0.251901588,0.376917033,0.067094113,0.071722033,0.910242792,0.130767618
RX013xINV7-1-V22,1.971843266,0.005412997,0.00746812,0.007521737,0.003496123,-0.015421822,0.481387505,0.196752255,0.130942736,0.098932805,0.066483081,0.052335934,0.075646877,0.123909362,0.11721203,0.115469303,0.082044439,0.075502914,0.073511496,1.237490901,0.219814126,0.276960087,0.220351084,0.06040207,0.128731853,0.091063604,0.079565947,0.190500945,0.196889131,0.200759284,0.210506176,0.21916544,0.255531485,0.391135795,0.06024251,0.069701722,0.894129264,0.144583056
RX013xINV7-1-V23,1.955445355,0.008181324,0.008092495,-0.00659832,0.009583629,-0.001468932,0.463188482,0.201481314,0.134260828,0.101196492,0.066593168,0.058405907,0.072606887,0.132495774,0.121014379,0.108395618,0.07183488,0.072893964,0.071404482,1.253956909,0.24600498,0.305433462,0.233471219,0.0615,0.11002477,0.086937506,0.073451276,0.192506649,0.206290984,0.201970617,0.209520643,0.228700262,0.260612375,0.389621483,0.070631013,0.083106197,0.891027149,0.147885158
RX013xINV7-1-V24,2.004611825,0.017553003,-0.002198288,-0.000567538,0.009408622,-0.002385422,0.486815622,0.19612649,0.129718349,0.092782003,0.064839494,0.061987902,0.088732632,0.116100689,0.163110913,0.08640706,0.061023356,0.076251426,0.08201195,1.285415793,0.246664185,0.313039934,0.235099,0.053977958,0.114886596,0.088116571,0.08005623,0.199760106,0.212269499,0.200822334,0.20427249,0.230094111,0.260580966,0.381038213,0.065306967,0.078020831,0.929059761,0.150630807
RX013xINV7-1-V26,2.027886335,-0.009456348,0.002769381,0.003094906,0.015184446,-0.009467741,0.482881155,0.217834065,0.129389064,0.084328228,0.060373835,0.052900851,0.078784389,0.159132806,0.138187698,0.107344678,0.072308367,0.074895394,0.06860532,1.284822264,0.242386654,0.30520788,0.223037665,0.061168783,0.115131447,0.089600502,0.07662878,0.193643409,0.199031982,0.201918919,0.206238551,0.230232448,0.275224309,0.394979253,0.069386166,0.072369952,0.926163323,0.146219732
RX013xINV7-1-V27,2.011925826,-0.011490361,0.019599006,-0.01655791,-0.006485008,-0.003328029,0.502174083,0.213145068,0.146843182,0.105627648,0.064514494,0.043973856,0.070692857,0.116520771,0.149457151,0.104901573,0.069714059,0.077273864,0.0669,1.278868101,0.238519957,0.285623809,0.199813538,0.047101698,0.110211161,0.088676998,0.082778318,0.206158822,0.21222865,0.208895213,0.209319851,0.230021847,0.254632068,0.406131629,0.060854992,0.072660099,0.900691784,0.168370603
RX013xINV7-1-V28,1.943338809,-0.005232459,-0.002212518,0.009776774,0.001444262,-0.008474739,0.475887592,0.190272357,0.121495761,0.08780672,0.058109294,0.056211031,0.077498516,0.133126406,0.121563152,0.1063498,0.063666082,0.078917235,0.069093849,1.240610898,0.226839855,0.277030486,0.205430913,0.066021209,0.107930811,0.082858977,0.06835854,0.187300667,0.195452142,0.195013128,0.200514763,0.212474869,0.249557248,0.394542685,0.062271101,0.069191112,0.890522408,0.140042636
RX013xINV7-1-V31,1.965439204,0.008629799,-0.010181044,-0.009769117,0.001533239,-0.002873615,0.482292048,0.187415314,0.121023841,0.086709746,0.065027071,0.048671347,0.075084086,0.120809313,0.126683543,0.101365921,0.071553127,0.079114221,0.071750819,1.252069726,0.230800022,0.29252911,0.217917278,0.067839885,0.112535372,0.091371823,0.078864948,0.185731123,0.195379528,0.189462529,0.190768184,0.212833761,0.245208524,0.389348597,0.068934897,0.071191573,0.912385291,0.148100034
RX013xINV7-1-V32,1.985162791,0.02014154,0.014980371,-0.025703657,-0.000544072,-0.008894731,0.499595857,0.210348306,0.14003321,0.100070825,0.072381213,0.056611748,0.072865149,0.11330534,0.141712138,0.108997798,0.072819846,0.079335238,0.066439296,1.26337912,0.259131415,0.308962166,0.21701834,0.0431,0.113834309,0.08851418,0.073463596,0.182095415,0.189147614,0.194332833,0.204332768,0.230860586,0.257996473,0.396029102,0.077852746,0.07086847,0.913173039,0.132698041
RX013xINV7-1-V35,1.91338898,0.014519223,-0.020039814,0.008237526,-0.00237444,-0.017885128,0.500135832,0.167359971,0.114353924,0.077709781,0.04598478,0.050624302,0.062537429,0.120809313,0.118423182,0.103683364,0.074224659,0.068709897,0.06900029,1.224954562,0.222781148,0.264764424,0.193089047,0.055565637,0.10731957,0.088501412,0.069406412,0.188266965,0.185121393,0.186167801,0.19169481,0.212024621,0.237956509,0.35583936,0.073720079,0.073378607,0.891481918,0.134555751
RX013xINV7-1-V36,1.932913374,0.008410029,0.009616857,-0.00749556,0.005164017,-0.005010116,0.477322742,0.184271539,0.130415106,0.091417832,0.065292266,0.058700767,0.061170581,0.091401203,0.132385498,0.105627885,0.076638959,0.074756271,0.069114181,1.230057722,0.251926279,0.301029965,0.218710265,0.044913472,0.107804499,0.089238669,0.073751271,0.175910346,0.191323208,0.192864538,0.205541942,0.226044819,0.240262523,0.380517713,0.063936609,0.069801504,0.896055757,0.132623716
RX013xINV7-1-V38,1.845275445,0.004212333,-0.02459197,-0.008419218,-0.038505973,0.001766515,0.466635072,0.166250414,0.117887574,0.088327855,0.069759874,0.063383436,0.050038785,0.108131494,0.126278462,0.090778687,0.068008896,0.075510066,0.077007857,1.162790527,0.184938287,0.210426828,0.14933968,0.069074163,0.113905224,0.084359528,0.061892568,0.177808099,0.18602989,0.197039133,0.201267186,0.221103709,0.242181605,0.376234993,0.021868928,0.034375864,0.852979273,0.12314325
RX013xINV7-1-V39,1.895830402,0.018664971,-0.00609009,0.002730886,-0.013988887,-0.004160554,0.480699126,0.178784004,0.123193547,0.087116589,0.061967895,0.053159477,0.060911904,0.121975817,0.124569699,0.088709977,0.066932952,0.064065669,0.066239716,1.219016198,0.247206513,0.271278492,0.195061939,0.070555581,0.104161893,0.086527741,0.06963311,0.18604099,0.188321666,0.189727831,0.191803154,0.21222865,0.252856086,0.389744596,0.062199196,0.068995725,0.884466054,0.135162273