key,id,side,cohort,session,raw_image,image,mirrored,vflipped,orient_source,marked_diff,px_per_mm,cal_source,has_marked,duplicate_of,species,group,colony,fold,labelled
076_04_f2_l,076_04_F2,L,g0,20ii26,../g0/raw_images/20ii26/076_04_F2_L.tif,images/076_04_f2_l.tif,0,1,marked_tiff,0.0,2140.0,own_bar,1,,LECONTEI,g0_LEC,076_04,2,1
076_04_f3_r,076_04_F3,R,g0,20ii26,../g0/raw_images/20ii26/076_04_F3_R.tif,images/076_04_f3_r.tif,1,1,marked_tiff,0.0,2140.0,own_bar,1,,LECONTEI,g0_LEC,076_04,2,1
102_04_f2_r,102_04_F2,R,g0,20ii26,../g0/raw_images/20ii26/102_04_F2_R.tif,images/102_04_f2_r.tif,1,1,marked_tiff,0.0,2140.0,own_bar,1,,LECONTEI,g0_LEC,102_04,3,1
rb007_g0_f1_r,RB007_G0_F1,R,g0,20ii26,../g0/raw_images/20ii26/RB007_G0_F1_R.tif,images/rb007_g0_f1_r.tif,1,1,marked_tiff,0.0,2140.0,own_bar,1,,PINETUM,g0_PIN,RB007,1,0
rb007_g0_f5_l,RB007_G0_F5,L,g0,20ii26,../g0/raw_images/20ii26/RB007_G0_F5_L.tif,images/rb007_g0_f5_l.tif,0,1,marked_tiff,0.0,2140.0,own_bar,1,,PINETUM,g0_PIN,RB007,1,1
rb007_g0_f7_l,RB007_G0_F7,L,g0,20ii26,../g0/raw_images/20ii26/RB007_G0_F7_L.tif,images/rb007_g0_f7_l.tif,0,1,marked_tiff,0.0,2140.0,own_bar,1,,PINETUM,g0_PIN,RB007,1,0
rb010_f1_l,RB010_F1,L,g0,20ii26,../g0/raw_images/20ii26/RB010_F1_L.tif,images/rb010_f1_l.tif,0,1,marked_tiff,0.0,2140.0,own_bar,1,,LECONTEI,g0_LEC,RB010,0,1
rb012_f1_r,RB012_F1,R,g0,20ii26,../g0/raw_images/20ii26/RB012_F1_R.tif,images/rb012_f1_r.tif,1,1,marked_tiff,0.0,2140.0,own_bar,1,,LECONTEI,g0_LEC,RB012,1,1
rb017_g0_f10_l,RB017_G0_F10,L,g0,20ii26,../g0/raw_images/20ii26/RB017_G0_F10_L.tif,images/rb017_g0_f10_l.tif,0,1,marked_tiff,0.0,2140.0,own_bar,1,,LECONTEI,g0_LEC,RB017,0,1
rb017_g0_f4_l,RB017_G0_F4,L,g0,20ii26,../g0/raw_images/20ii26/RB017_G0_F4_L.tif,images/rb017_g0_f4_l.tif,0,1,marked_tiff,0.0,2140.0,own_bar,1,,LECONTEI,g0_LEC,RB017,0,1
rb017_g0_f6_r,RB017_G0_F6,R,g0,20ii26,../g0/raw_images/20ii26/RB017_G0_F6_R.tif,images/rb017_g0_f6_r.tif,1,1,marked_tiff,0.0,2140.0,own_bar,1,,LECONTEI,g0_LEC,RB017,0,1
rb017_g0_f7_r,RB017_G0_F7,R,g0,20ii26,../g0/raw_images/20ii26/RB017_G0_F7_R.tif,images/rb017_g0_f7_r.tif,1,1,marked_tiff,0.0,2140.0,own_bar,1,,LECONTEI,g0_LEC,RB017,0,1
rb020_f1_l,RB020_F1,L,g0,20ii26,../g0/raw_images/20ii26/RB020_F1_L.tif,images/rb020_f1_l.tif,0,1,marked_tiff,0.0,2140.0,own_bar,1,,LECONTEI,g0_LEC,RB020,2,1
rb020_f2_l,RB020_F2,L,g0,20ii26,../g0/raw_images/20ii26/RB020_F2_L.tif,images/rb020_f2_l.tif,0,1,filename,,2140.0,own_bar,0,,LECONTEI,g0_LEC,RB020,2,0
rb022_f2_l,RB022_F2,L,g0,20ii26,../g0/raw_images/20ii26/RB022_F2_L.tif,images/rb022_f2_l.tif,0,1,marked_tiff,0.0,2140.0,own_bar,1,,LECONTEI,g0_LEC,RB022,3,1
rb022_f3_l,RB022_F3,L,g0,20ii26,../g0/raw_images/20ii26/RB022_F3_L.tif,images/rb022_f3_l.tif,0,1,marked_tiff,0.0,2140.0,own_bar,1,,LECONTEI,g0_LEC,RB022,3,1
rb025_f2_l,RB025_F2,L,g0,20ii26,../g0/raw_images/20ii26/RB025_F2_L.tif,images/rb025_f2_l.tif,0,1,marked_tiff,0.0,2140.0,own_bar,1,,LECONTEI,g0_LEC,RB025,2,1
rb075_f1_r,RB075_F1,R,g0,20ii26,../g0/raw_images/20ii26/RB075_F1_R.tif,images/rb075_f1_r.tif,1,1,marked_tiff,0.0,2140.0,own_bar,1,,LECONTEI,g0_LEC,RB075,4,1
076_04_f1_l,076_04_F1,L,g0,23ii26,../g0/raw_images/23ii26/076_04_F1_L.tif,images/076_04_f1_l.tif,0,1,marked_tiff,0.0,2140.0,own_bar,1,,LECONTEI,g0_LEC,076_04,2,1
085_04_f1_r,085_04_F1,R,g0,23ii26,../g0/raw_images/23ii26/085_04_F1_R.tif,images/085_04_f1_r.tif,1,1,marked_tiff,0.0,2140.0,own_bar,1,,LECONTEI,g0_LEC,085_04,4,1
085_04_f2_r,085_04_F2,R,g0,23ii26,../g0/raw_images/23ii26/085_04_F2_R.tif,images/085_04_f2_r.tif,1,1,marked_tiff,0.0,2140.0,own_bar,1,,LECONTEI,g0_LEC,085_04,4,1
087_04_f1_r,087_04_F1,R,g0,23ii26,../g0/raw_images/23ii26/087_04_F1_R.tif,images/087_04_f1_r.tif,1,1,marked_tiff,0.0,2140.0,own_bar,1,,LECONTEI,g0_LEC,087_04,2,1
087_04_f2_l,087_04_F2,L,g0,23ii26,../g0/raw_images/23ii26/087_04_F2_L.tif,images/087_04_f2_l.tif,0,1,marked_tiff,0.0,2140.0,own_bar,1,,LECONTEI,g0_LEC,087_04,2,1
088_04_f1_r,088_04_F1,R,g0,23ii26,../g0/raw_images/23ii26/088_04_F1_R.tif,images/088_04_f1_r.tif,1,1,marked_tiff,0.0,2140.0,own_bar,1,,LECONTEI,g0_LEC,088_04,2,1
088_04_f2_l,088_04_F2,L,g0,23ii26,../g0/raw_images/23ii26/088_04_F2_L.tif,images/088_04_f2_l.tif,0,1,marked_tiff,0.0,2140.0,own_bar,1,,LECONTEI,g0_LEC,088_04,2,1
097_04_f1_l,097_04_F1,L,g0,23ii26,../g0/raw_images/23ii26/097_04_F1_L.tif,images/097_04_f1_l.tif,0,1,filename,,2140.0,own_bar,0,,LECONTEI,g0_LEC,097_04,4,1
097_04_f2_l,097_04_F2,L,g0,23ii26,../g0/raw_images/23ii26/097_04_F2_L.tif,images/097_04_f2_l.tif,0,1,marked_tiff,0.0,2140.0,own_bar,1,,LECONTEI,g0_LEC,097_04,4,1
097_04_f3_l,097_04_F3,L,g0,23ii26,../g0/raw_images/23ii26/097_04_F3_L.tif,images/097_04_f3_l.tif,0,1,marked_tiff,0.0,2140.0,own_bar,1,,LECONTEI,g0_LEC,097_04,4,1
097_04_f4_l,097_04_F4,L,g0,23ii26,../g0/raw_images/23ii26/097_04_F4_L.tif,images/097_04_f4_l.tif,0,1,marked_tiff,0.0,2140.0,own_bar,1,,LECONTEI,g0_LEC,097_04,4,1
097_04_f5_r,097_04_F5,R,g0,23ii26,../g0/raw_images/23ii26/097_04_F5_R.tif,images/097_04_f5_r.tif,1,1,marked_tiff,0.0,2140.0,own_bar,1,,LECONTEI,g0_LEC,097_04,4,1
097_04_f6_l,097_04_F6,L,g0,23ii26,../g0/raw_images/23ii26/097_04_F6_L.tif,images/097_04_f6_l.tif,0,1,marked_tiff,0.0,2140.0,own_bar,1,,LECONTEI,g0_LEC,097_04,4,1
102_04_f1_l,102_04_F1,L,g0,23ii26,../g0/raw_images/23ii26/102_04_F1_L.tif,images/102_04_f1_l.tif,0,1,marked_tiff,0.0,2140.0,own_bar,1,,LECONTEI,g0_LEC,102_04,3,1
102_04_f3_r,102_04_F3,R,g0,23ii26,../g0/raw_images/23ii26/102_04_F3_R.tif,images/102_04_f3_r.tif,1,1,marked_tiff,0.0,2140.0,own_bar,1,,LECONTEI,g0_LEC,102_04,3,0
102_04_f4_r,102_04_F4,R,g0,23ii26,../g0/raw_images/23ii26/102_04_F4_R.tif,images/102_04_f4_r.tif,1,1,marked_tiff,0.0,2140.0,own_bar,1,,LECONTEI,g0_LEC,102_04,3,1
174_03a_f1_r,174_03A_F1,R,g0,23ii26,../g0/raw_images/23ii26/174_03A_F1_R.tif,images/174_03a_f1_r.tif,1,1,marked_tiff,0.0,2140.0,own_bar,1,,LECONTEI,g0_LEC,174_03A,0,1
174_03a_f2_l,174_03A_F2,L,g0,23ii26,../g0/raw_images/23ii26/174_03A_F2_L.tif,images/174_03a_f2_l.tif,0,1,marked_tiff,0.0,2140.0,own_bar,1,,LECONTEI,g0_LEC,174_03A,0,1
185_03_f1_l,185_03_F1,L,g0,23ii26,../g0/raw_images/23ii26/185_03_F1_L.tif,images/185_03_f1_l.tif,0,1,marked_tiff,0.0,2140.0,own_bar,1,,LECONTEI,g0_LEC,185_03,4,1
196_04_f2_r,196_04_F2,R,g0,23ii26,../g0/raw_images/23ii26/196_04_F2_R.tif,images/196_04_f2_r.tif,1,1,marked_tiff,0.0,2140.0,own_bar,1,,LECONTEI,g0_LEC,196_04,2,1
196_04_f8_l,196_04_F8,L,g0,23ii26,../g0/raw_images/23ii26/196_04_F8_L.tif,images/196_04_f8_l.tif,0,1,marked_tiff,0.0,2140.0,own_bar,1,,LECONTEI,g0_LEC,196_04,2,1
ll015_f1_r,LL015_F1,R,g0,23ii26,../g0/raw_images/23ii26/LL015_F1_R.tif,images/ll015_f1_r.tif,1,1,marked_tiff,0.0,2140.0,own_bar,1,,LECONTEI,g0_LEC,LL015,4,1
ll015_f2_r,LL015_F2,R,g0,23ii26,../g0/raw_images/23ii26/LL015_F2_R.tif,images/ll015_f2_r.tif,1,1,marked_tiff,0.0,2140.0,own_bar,1,,LECONTEI,g0_LEC,LL015,4,1
rb003_f1_r,RB003_F1,R,g0,23ii26,../g0/raw_images/23ii26/RB003_F1_R.tif,images/rb003_f1_r.tif,1,1,marked_tiff,0.0,2140.0,own_bar,1,,LECONTEI,g0_LEC,RB003,3,1
rb007_g0_f10_l,RB007_G0_F10,L,g0,23ii26,../g0/raw_images/23ii26/RB007_G0_F10_L.tif,images/rb007_g0_f10_l.tif,0,1,marked_tiff,0.0,2140.0,own_bar,1,,PINETUM,g0_PIN,RB007,1,1
rb007_g0_f3_r,RB007_G0_F3,R,g0,23ii26,../g0/raw_images/23ii26/RB007_G0_F3_R.tif,images/rb007_g0_f3_r.tif,1,1,marked_tiff,0.0,2140.0,own_bar,1,,PINETUM,g0_PIN,RB007,1,1
rb007_g0_f4_r,RB007_G0_F4,R,g0,23ii26,../g0/raw_images/23ii26/RB007_G0_F4_R.tif,images/rb007_g0_f4_r.tif,1,1,marked_tiff,0.0,2140.0,own_bar,1,,PINETUM,g0_PIN,RB007,1,1
rb007_g0_f6_l,RB007_G0_F6,L,g0,23ii26,../g0/raw_images/23ii26/RB007_G0_F6_L.tif,images/rb007_g0_f6_l.tif,0,1,marked_tiff,0.0,2140.0,own_bar,1,,PINETUM,g0_PIN,RB007,1,1
rb008_f1_l,RB008_F1,L,g0,23ii26,../g0/raw_images/23ii26/RB008_F1_L.tif,images/rb008_f1_l.tif,0,1,marked_tiff,0.0,2140.0,own_bar,1,,LECONTEI,g0_LEC,RB008,2,1
rb012_f2_r,RB012_F2,R,g0,23ii26,../g0/raw_images/23ii26/RB012_F2_R.tif,images/rb012_f2_r.tif,1,1,marked_tiff,0.0,2140.0,own_bar,1,,LECONTEI,g0_LEC,RB012,1,1
rb017_g0_f1_r,RB017_G0_F1,R,g0,23ii26,../g0/raw_images/23ii26/RB017_G0_F1_R.tif,images/rb017_g0_f1_r.tif,1,1,marked_tiff,0.0,2140.0,own_bar,1,,LECONTEI,g0_LEC,RB017,0,1
rb017_g0_f2_r,RB017_G0_F2,R,g0,23ii26,../g0/raw_images/23ii26/RB017_G0_F2_R.tif,images/rb017_g0_f2_r.tif,1,1,marked_tiff,0.0,2140.0,own_bar,1,,LECONTEI,g0_LEC,RB017,0,1
rb017_g0_f3_l,RB017_G0_F3,L,g0,23ii26,../g0/raw_images/23ii26/RB017_G0_F3_L.tif,images/rb017_g0_f3_l.tif,0,1,marked_tiff,0.0,2140.0,own_bar,1,,LECONTEI,g0_LEC,RB017,0,1
rb017_g0_f3_r,RB017_G0_F3,R,g0,23ii26,../g0/raw_images/23ii26/RB017_G0_F3_R.tif,images/rb017_g0_f3_r.tif,1,1,marked_tiff,0.0,2140.0,own_bar,1,,LECONTEI,g0_LEC,RB017,0,1
rb017_g0_f9_l,RB017_G0_F9,L,g0,23ii26,../g0/raw_images/23ii26/RB017_G0_F9_L.tif,images/rb017_g0_f9_l.tif,0,1,marked_tiff,0.0,2140.0,own_bar,1,,LECONTEI,g0_LEC,RB017,0,1
rb017_g10_f9_r,RB017_G10_F9,R,g0,23ii26,../g0/raw_images/23ii26/RB017_G10_F9_R.tif,images/rb017_g10_f9_r.tif,1,1,marked_tiff,0.0,2140.0,own_bar,1,,LECONTEI,g0_LEC,RB017,0,1
rb019_f1_r,RB019_F1,R,g0,23ii26,../g0/raw_images/23ii26/RB019_F1_R.tif,images/rb019_f1_r.tif,1,1,marked_tiff,0.0,2140.0,own_bar,1,,LECONTEI,g0_LEC,RB019,2,1
rb020_f2_r,RB020_F2,R,g0,23ii26,../g0/raw_images/23ii26/RB020_F2_R.tif,images/rb020_f2_r.tif,1,1,marked_tiff,0.0,2140.0,own_bar,1,,LECONTEI,g0_LEC,RB020,2,1
rb021_f1_l,RB021_F1,L,g0,23ii26,../g0/raw_images/23ii26/RB021_F1_L.tif,images/rb021_f1_l.tif,0,1,marked_tiff,0.0,2140.0,own_bar,1,,LECONTEI,g0_LEC,RB021,4,1
rb022_f1_r,RB022_F1,R,g0,23ii26,../g0/raw_images/23ii26/RB022_F1_R.tif,images/rb022_f1_r.tif,1,1,marked_tiff,0.0,2140.0,own_bar,1,,LECONTEI,g0_LEC,RB022,3,1
rb025_f1_l,RB025_F1,L,g0,23ii26,../g0/raw_images/23ii26/RB025_F1_L.tif,images/rb025_f1_l.tif,0,1,marked_tiff,0.0,2140.0,own_bar,1,,LECONTEI,g0_LEC,RB025,2,1
rb025_f2_r,RB025_F2,R,g0,23ii26,../g0/raw_images/23ii26/RB025_F2_R.tif,images/rb025_f2_r.tif,1,1,filename,,2140.0,own_bar,0,,LECONTEI,g0_LEC,RB025,2,0
rb029_f1_r,RB029_F1,R,g0,23ii26,../g0/raw_images/23ii26/RB029_F1_R.tif,images/rb029_f1_r.tif,1,1,marked_tiff,0.0,2140.0,own_bar,1,,UNKNOWN,g0_UNK,RB029,4,1
rb042_f1_r,RB042_F1,R,g0,23ii26,../g0/raw_images/23ii26/RB042_F1_R.tif,images/rb042_f1_r.tif,1,1,marked_tiff,0.0,2140.0,own_bar,1,,LECONTEI,g0_LEC,RB042,1,1
rb058_f2_r,RB058_F2,R,g0,23ii26,../g0/raw_images/23ii26/RB058_F2_R.tif,images/rb058_f2_r.tif,1,1,marked_tiff,0.0,2140.0,own_bar,1,,LECONTEI,g0_LEC,RB058,2,1
rb110_f1_r,RB110_F1,R,g0,23ii26,../g0/raw_images/23ii26/RB110_F1_R.tif,images/rb110_f1_r.tif,1,1,marked_tiff,0.0,2140.0,own_bar,1,,LECONTEI,g0_LEC,RB110,1,1
rb110_f2_r,RB110_F2,R,g0,23ii26,../g0/raw_images/23ii26/RB110_F2_R.tif,images/rb110_f2_r.tif,1,1,marked_tiff,0.0,2140.0,own_bar,1,,LECONTEI,g0_LEC,RB110,1,1
rb150_f1_r,RB150_F1,R,g0,23ii26,../g0/raw_images/23ii26/RB150_F1_R.tif,images/rb150_f1_r.tif,1,1,marked_tiff,0.0,2140.0,own_bar,1,,LECONTEI,g0_LEC,RB150,4,1
rb150_f2_r,RB150_F2,R,g0,23ii26,../g0/raw_images/23ii26/RB150_F2_R.tif,images/rb150_f2_r.tif,1,1,marked_tiff,0.0,2140.0,own_bar,1,,LECONTEI,g0_LEC,RB150,4,1
rb151_f1_l,RB151_F1,L,g0,23ii26,../g0/raw_images/23ii26/RB151_F1_L.tif,images/rb151_f1_l.tif,0,1,marked_tiff,0.0,2140.0,own_bar,1,,LECONTEI,g0_LEC,RB151,3,1
rb151_f2_l,RB151_F2,L,g0,23ii26,../g0/raw_images/23ii26/RB151_F2_L.tif,images/rb151_f2_l.tif,0,1,marked_tiff,0.0,2140.0,own_bar,1,,LECONTEI,g0_LEC,RB151,3,1
rb156_f1_r,RB156_F1,R,g0,23ii26,../g0/raw_images/23ii26/RB156_F1_R.tif,images/rb156_f1_r.tif,1,1,marked_tiff,0.0,2140.0,own_bar,1,,LECONTEI,g0_LEC,RB156,3,1
rb156_f2_r,RB156_F2,R,g0,23ii26,../g0/raw_images/23ii26/RB156_F2_R.tif,images/rb156_f2_r.tif,1,1,marked_tiff,0.0,2140.0,own_bar,1,,LECONTEI,g0_LEC,RB156,3,1
ag008_f10_r,AG008_F10,R,g0,3iv24,../g0/raw_images/3iv24/TIFF/AG008_F10_R.tif,images/ag008_f10_r.tif,1,1,marked_tiff,0.0,2142.5,own_bar,1,,LECONTEI,g0_LEC,AG008,2,1
ag021_l,AG021,L,g0,3iv24,../g0/raw_images/3iv24/TIFF/AG021_L.tif,images/ag021_l.tif,0,1,marked_tiff,0.0,2142.5,own_bar,1,,UNKNOWN,g0_UNK,AG021,1,1
ag044_l,AG044,L,g0,3iv24,../g0/raw_images/3iv24/TIFF/AG044_L.tif,images/ag044_l.tif,0,1,marked_tiff,0.0,2140.0,own_bar,1,,PINETUM,g0_PIN,AG044,1,1
ag061_f3_r,AG061_F3,R,g0,3iv24,../g0/raw_images/3iv24/TIFF/AG061_F3_R.tif,images/ag061_f3_r.tif,1,1,marked_tiff,0.0,2142.5,own_bar,1,,PINETUM,g0_PIN,AG061,0,1
ag066_f1_r,AG066_F1,R,g0,3iv24,../g0/raw_images/3iv24/TIFF/AG066_F1_R.tif,images/ag066_f1_r.tif,1,1,marked_tiff,0.0,2142.5,own_bar,1,,PINETUM,g0_PIN,AG066,3,1
ag071_f3_r,AG071_F3,R,g0,3iv24,../g0/raw_images/3iv24/TIFF/AG071_F3_R.tif,images/ag071_f3_r.tif,1,1,marked_tiff,0.0,2142.5,own_bar,1,,PINETUM,g0_PIN,AG071,1,1
ag074_f2_r,AG074_F2,R,g0,3iv24,../g0/raw_images/3iv24/TIFF/AG074_F2_R.tif,images/ag074_f2_r.tif,1,1,marked_tiff,0.0,2140.0,own_bar,1,,PINETUM,g0_PIN,AG074,2,1
ag181_f2_r,AG181_F2,R,g0,3iv24,../g0/raw_images/3iv24/TIFF/AG181_F2_R.tif,images/ag181_f2_r.tif,1,1,marked_tiff,0.0,2142.5,own_bar,1,,LECONTEI,g0_LEC,AG181,0,1
nl011_f3_l,NL011_F3,L,g0,3iv24,../g0/raw_images/3iv24/TIFF/NL011_F3_L.tif,images/nl011_f3_l.tif,0,1,marked_tiff,0.0,2140.0,own_bar,1,,LECONTEI,g0_LEC,NL011,2,1
nl064_f1_l,NL064_F1,L,g0,3iv24,../g0/raw_images/3iv24/TIFF/NL064_F1_L.tif,images/nl064_f1_l.tif,0,1,marked_tiff,0.0,2142.5,own_bar,1,,LECONTEI,g0_LEC,NL064,2,1
nl067_f2_r,NL067_F2,R,g0,3iv24,../g0/raw_images/3iv24/TIFF/NL067_F2_R.tif,images/nl067_f2_r.tif,1,1,marked_tiff,0.0,2142.5,own_bar,1,,LECONTEI,g0_LEC,NL067,3,1
nl072_f1_l,NL072_F1,L,g0,3iv24,../g0/raw_images/3iv24/TIFF/NL072_F1_L.tif,images/nl072_f1_l.tif,0,1,marked_tiff,0.0,2140.0,own_bar,1,,LECONTEI,g0_LEC,NL072,3,1
nl082_f5_l,NL082_F5,L,g0,3iv24,../g0/raw_images/3iv24/TIFF/NL082_F5_L.tif,images/nl082_f5_l.tif,0,1,marked_tiff,0.0,2140.0,own_bar,1,,LECONTEI,g0_LEC,NL082,1,1
nl089_f2_l,NL089_F2,L,g0,3iv24,../g0/raw_images/3iv24/TIFF/NL089_F2_L.tif,images/nl089_f2_l.tif,0,1,marked_tiff,0.0,2142.5,own_bar,1,,LECONTEI,g0_LEC,NL089,3,1
nl093_f1_l,NL093_F1,L,g0,3iv24,../g0/raw_images/3iv24/TIFF/NL093_F1_L.tif,images/nl093_f1_l.tif,0,1,marked_tiff,0.0,2142.5,own_bar,1,,LECONTEI,g0_LEC,NL093,1,1
np045_f1_r,NP045_F1,R,g0,3iv24,../g0/raw_images/3iv24/TIFF/NP045_F1_R.tif,images/np045_f1_r.tif,1,1,marked_tiff,0.0,2142.5,own_bar,1,,PINETUM,g0_PIN,NP045,0,1
np125_f3_l,NP125_F3,L,g0,3iv24,../g0/raw_images/3iv24/TIFF/NP125_F3_L.tif,images/np125_f3_l.tif,0,1,marked_tiff,0.0,2142.5,own_bar,1,,UNKNOWN,g0_UNK,NP125,0,1
np175_l,NP175,L,g0,3iv24,../g0/raw_images/3iv24/TIFF/NP175_L.tif,images/np175_l.tif,0,1,marked_tiff,0.0,2140.0,own_bar,1,,PINETUM,g0_PIN,NP175,1,1
np177_r,NP177,R,g0,3iv24,../g0/raw_images/3iv24/TIFF/NP177_R.tif,images/np177_r.tif,1,1,marked_tiff,0.0,2142.5,own_bar,1,,PINETUM,g0_PIN,NP177,3,1
rb396_l,RB396,L,g0,3iv24,../g0/raw_images/3iv24/TIFF/RB396_L.tif,images/rb396_l.tif,0,1,marked_tiff,0.0,2140.0,own_bar,1,,LECONTEI,g0_LEC,RB396,4,1
rb398_f4_l,RB398_F4,L,g0,3iv24,../g0/raw_images/3iv24/TIFF/RB398_F4_L.tif,images/rb398_f4_l.tif,0,1,marked_tiff,0.0,2142.5,own_bar,1,,LECONTEI,g0_LEC,RB398,1,1
rb399_f11_r,RB399_F11,R,g0,3iv24,../g0/raw_images/3iv24/TIFF/RB399_F11_R.tif,images/rb399_f11_r.tif,1,1,marked_tiff,0.0,2142.5,own_bar,1,,LECONTEI,g0_LEC,RB399,4,1
rb403_f3_l,RB403_F3,L,g0,3iv24,../g0/raw_images/3iv24/TIFF/RB403_F3_L.tif,images/rb403_f3_l.tif,0,1,marked_tiff,0.0,2142.5,own_bar,1,,LECONTEI,g0_LEC,RB403,1,1
rb412_f8_r,RB412_F8,R,g0,3iv24,../g0/raw_images/3iv24/TIFF/RB412_F8_R.tif,images/rb412_f8_r.tif,1,1,marked_tiff,0.0,2142.5,own_bar,1,,LECONTEI,g0_LEC,RB412,1,1
rb417_l,RB417,L,g0,3iv24,../g0/raw_images/3iv24/TIFF/RB417_L.tif,images/rb417_l.tif,0,1,marked_tiff,0.0,2142.5,own_bar,1,,LECONTEI,g0_LEC,RB417,1,1
rb419_f3_l,RB419_F3,L,g0,3iv24,../g0/raw_images/3iv24/TIFF/RB419_F3_L.tif,images/rb419_f3_l.tif,0,1,marked_tiff,0.0,2140.0,own_bar,1,,LECONTEI,g0_LEC,RB419,1,1
rb421_f2_r,RB421_F2,R,g0,3iv24,../g0/raw_images/3iv24/TIFF/RB421_F2_R.tif,images/rb421_f2_r.tif,1,1,marked_tiff,0.0,2142.5,own_bar,1,,LECONTEI,g0_LEC,RB421,3,1
rb463_f6_r,RB463_F6,R,g0,3iv24,../g0/raw_images/3iv24/TIFF/RB463_F6_R.tif,images/rb463_f6_r.tif,1,1,marked_tiff,0.0,2142.5,own_bar,1,,LECONTEI,g0_LEC,RB463,2,1
rb467_f2_l,RB467_F2,L,g0,3iv24,../g0/raw_images/3iv24/TIFF/RB467_F2_L.tif,images/rb467_f2_l.tif,0,1,marked_tiff,0.0,2142.5,own_bar,1,,LECONTEI,g0_LEC,RB467,2,1
rb468_f5_l,RB468_F5,L,g0,3iv24,../g0/raw_images/3iv24/TIFF/RB468_F5_L.tif,images/rb468_f5_l.tif,0,1,marked_tiff,0.0,2142.5,own_bar,1,,LECONTEI,g0_LEC,RB468,2,1
rb470_f2_l,RB470_F2,L,g0,3iv24,../g0/raw_images/3iv24/TIFF/RB470_F2_L.tif,images/rb470_f2_l.tif,0,1,marked_tiff,0.0,2142.5,own_bar,1,,LECONTEI,g0_LEC,RB470,4,1
rb471_f2_r,RB471_F2,R,g0,3iv24,../g0/raw_images/3iv24/TIFF/RB471_F2_R.tif,images/rb471_f2_r.tif,1,1,marked_tiff,0.0,2142.5,own_bar,1,,LECONTEI,g0_LEC,RB471,4,1
rid_x040_f_l,RID_X040_F,L,g0,3iv24,../g0/raw_images/3iv24/TIFF/RID_X040_F_L.tif,images/rid_x040_f_l.tif,0,1,marked_tiff,0.0,2142.5,own_bar,1,,PINETUM,g0_PIN,AG132,1,1
rid_x058_f_r,RID_X058_F,R,g0,3iv24,../g0/raw_images/3iv24/TIFF/RID_X058_F_R.tif,images/rid_x058_f_r.tif,1,1,marked_tiff,0.0,2142.5,own_bar,1,,PINETUM,g0_PIN,AG150,1,1
rie_x072_f_l,RIE_X072_F,L,g0,3iv24,../g0/raw_images/3iv24/TIFF/RIE_X072_F_L.tif,images/rie_x072_f_l.tif,0,1,marked_tiff,0.0,2140.0,own_bar,1,,PINETUM,g0_PIN,AG148,3,1
ag009_f3_r,AG009_F3,R,g0,4iv24,../g0/raw_images/4iv24/TIFF/AG009_F3_R.tif,images/ag009_f3_r.tif,1,1,marked_tiff,0.0,2142.5,own_bar,1,,LECONTEI,g0_LEC,AG009,0,1
ag010_l,AG010,L,g0,4iv24,../g0/raw_images/4iv24/TIFF/AG010_L.tif,images/ag010_l.tif,0,1,marked_tiff,0.0,2142.5,own_bar,1,,LECONTEI,g0_LEC,AG010,1,1
ag024_f1_l,AG024_F1,L,g0,4iv24,../g0/raw_images/4iv24/TIFF/AG024_F1_L.tif,images/ag024_f1_l.tif,0,1,marked_tiff,0.0,2142.5,own_bar,1,,LECONTEI,g0_LEC,AG024,1,1
ag028_r,AG028,R,g0,4iv24,../g0/raw_images/4iv24/TIFF/AG028_R.tif,images/ag028_r.tif,1,1,marked_tiff,0.0,2142.5,own_bar,1,,LECONTEI,g0_LEC,AG028,3,1
ag030_f1_l,AG030_F1,L,g0,4iv24,../g0/raw_images/4iv24/TIFF/AG030_F1_L.tif,images/ag030_f1_l.tif,0,1,marked_tiff,0.0,2142.5,own_bar,1,,LECONTEI,g0_LEC,AG030,4,1
ag031_r,AG031,R,g0,4iv24,../g0/raw_images/4iv24/TIFF/AG031_R.tif,images/ag031_r.tif,1,1,marked_tiff,0.0,2140.0,own_bar,1,,LECONTEI,g0_LEC,AG031,0,1
ag039_f1_r,AG039_F1,R,g0,4iv24,../g0/raw_images/4iv24/TIFF/AG039_F1_R.tif,images/ag039_f1_r.tif,1,1,marked_tiff,0.0,2142.5,own_bar,1,,PINETUM,g0_PIN,AG039,0,1
ag045_f2_l,AG045_F2,L,g0,4iv24,../g0/raw_images/4iv24/TIFF/AG045_F2_L.tif,images/ag045_f2_l.tif,0,1,marked_tiff,0.0,2142.5,own_bar,1,,PINETUM,g0_PIN,AG045,2,1
ag060_f5_r,AG060_F5,R,g0,4iv24,../g0/raw_images/4iv24/TIFF/AG060_F5_R.tif,images/ag060_f5_r.tif,1,1,marked_tiff,0.0,2142.5,own_bar,1,,PINETUM,g0_PIN,AG060,4,1
ag064_l,AG064,L,g0,4iv24,../g0/raw_images/4iv24/TIFF/AG064_L.tif,images/ag064_l.tif,0,1,marked_tiff,0.0,2142.5,own_bar,1,,PINETUM,g0_PIN,AG064,1,1
ag065_f1_r,AG065_F1,R,g0,4iv24,../g0/raw_images/4iv24/TIFF/AG065_F1_R.tif,images/ag065_f1_r.tif,1,1,marked_tiff,0.0,2142.5,own_bar,1,,PINETUM,g0_PIN,AG065,3,1
ag067_l,AG067,L,g0,4iv24,../g0/raw_images/4iv24/TIFF/AG067_L.tif,images/ag067_l.tif,0,1,marked_tiff,0.0,2140.0,own_bar,1,,PINETUM,g0_PIN,AG067,3,1
ag111_r,AG111,R,g0,4iv24,../g0/raw_images/4iv24/TIFF/AG111_R.tif,images/ag111_r.tif,1,1,marked_tiff,0.0,2142.5,own_bar,1,,LECONTEI,g0_LEC,AG111,0,1
ag188_r,AG188,R,g0,4iv24,../g0/raw_images/4iv24/TIFF/AG188_R.tif,images/ag188_r.tif,1,1,marked_tiff,0.0,2142.5,own_bar,1,,LECONTEI,g0_LEC,AG188,0,1
nl069_f2_l,NL069_F2,L,g0,4iv24,../g0/raw_images/4iv24/TIFF/NL069_F2_L.tif,images/nl069_f2_l.tif,0,1,marked_tiff,0.0,2142.5,own_bar,1,,LECONTEI,g0_LEC,NL069,3,1
nl073_f2_l,NL073_F2,L,g0,4iv24,../g0/raw_images/4iv24/TIFF/NL073_F2_L.tif,images/nl073_f2_l.tif,0,1,marked_tiff,0.0,2142.5,own_bar,1,,LECONTEI,g0_LEC,NL073,3,1
nl074_f6_l,NL074_F6,L,g0,4iv24,../g0/raw_images/4iv24/TIFF/NL074_F6_L.tif,images/nl074_f6_l.tif,0,1,marked_tiff,0.0,2142.5,own_bar,1,,LECONTEI,g0_LEC,NL074,0,1
nl076_f1_r,NL076_F1,R,g0,4iv24,../g0/raw_images/4iv24/TIFF/NL076_F1_R.tif,images/nl076_f1_r.tif,1,1,marked_tiff,0.0,2140.0,own_bar,1,,LECONTEI,g0_LEC,NL076,1,1
nl086_f1_r,NL086_F1,R,g0,4iv24,../g0/raw_images/4iv24/TIFF/NL086_F1_R.tif,images/nl086_f1_r.tif,1,1,marked_tiff,0.0,2142.5,own_bar,1,,LECONTEI,g0_LEC,NL086,0,1
nl090_l,NL090,L,g0,4iv24,../g0/raw_images/4iv24/TIFF/NL090_L.tif,images/nl090_l.tif,0,1,marked_tiff,0.0,2142.5,own_bar,1,,LECONTEI,g0_LEC,NL090,0,1
nl095_f2_r,NL095_F2,R,g0,4iv24,../g0/raw_images/4iv24/TIFF/NL095_F2_R.tif,images/nl095_f2_r.tif,1,1,marked_tiff,0.0,2142.5,own_bar,1,,LECONTEI,g0_LEC,NL095,0,1
np073_l,NP073,L,g0,4iv24,../g0/raw_images/4iv24/TIFF/NP073_L.tif,images/np073_l.tif,0,1,marked_tiff,0.0,2142.5,own_bar,1,,PINETUM,g0_PIN,NP073,4,1
np085_f2_l,NP085_F2,L,g0,4iv24,../g0/raw_images/4iv24/TIFF/NP085_F2_L.tif,images/np085_f2_l.tif,0,1,marked_tiff,0.0,2140.0,own_bar,1,,UNKNOWN,g0_UNK,NP085,2,1
np145_f6_l,NP145_F6,L,g0,4iv24,../g0/raw_images/4iv24/TIFF/NP145_F6_L.tif,images/np145_f6_l.tif,0,1,marked_tiff,0.0,2140.0,own_bar,1,,PINETUM,g0_PIN,NP145,4,1
np173_l,NP173,L,g0,4iv24,../g0/raw_images/4iv24/TIFF/NP173_L.tif,images/np173_l.tif,0,1,marked_tiff,0.0,2142.5,own_bar,1,,PINETUM,g0_PIN,NP173,4,1
np174_f2_r,NP174_F2,R,g0,4iv24,../g0/raw_images/4iv24/TIFF/NP174_F2_R.tif,images/np174_f2_r.tif,1,1,marked_tiff,0.0,2142.5,own_bar,1,,PINETUM,g0_PIN,NP174,4,1
np184_f1_l,NP184_F1,L,g0,4iv24,../g0/raw_images/4iv24/TIFF/NP184_F1_L.tif,images/np184_f1_l.tif,0,1,marked_tiff,0.0,2142.5,own_bar,1,,UNKNOWN,g0_UNK,NP184,3,1
np190_f4_l,NP190_F4,L,g0,4iv24,../g0/raw_images/4iv24/TIFF/NP190_F4_L.tif,images/np190_f4_l.tif,0,1,marked_tiff,0.0,2142.5,own_bar,1,,PINETUM,g0_PIN,NP190,3,1
np191_f2_r,NP191_F2,R,g0,4iv24,../g0/raw_images/4iv24/TIFF/NP191_F2_R.tif,images/np191_f2_r.tif,1,1,marked_tiff,0.0,2142.5,own_bar,1,,PINETUM,g0_PIN,NP191,3,1
np192_f3_r,NP192_F3,R,g0,4iv24,../g0/raw_images/4iv24/TIFF/NP192_F3_R.tif,images/np192_f3_r.tif,1,1,marked_tiff,0.0,2142.5,own_bar,1,,PINETUM,g0_PIN,NP192,4,1
np193_f9_l,NP193_F9,L,g0,4iv24,../g0/raw_images/4iv24/TIFF/NP193_F9_L.tif,images/np193_f9_l.tif,0,1,marked_tiff,0.0,2142.5,own_bar,1,,PINETUM,g0_PIN,NP193,2,1
np197_f6_r,NP197_F6,R,g0,4iv24,../g0/raw_images/4iv24/TIFF/NP197_F6_R.tif,images/np197_f6_r.tif,1,1,marked_tiff,0.0,2142.5,own_bar,1,,PINETUM,g0_PIN,NP197,3,1
np198_f1_l,NP198_F1,L,g0,4iv24,../g0/raw_images/4iv24/TIFF/NP198_F1_L.tif,images/np198_f1_l.tif,0,1,marked_tiff,0.0,2142.5,own_bar,1,,PINETUM,g0_PIN,NP198,0,1
np199_r,NP199,R,g0,4iv24,../g0/raw_images/4iv24/TIFF/NP199_R.tif,images/np199_r.tif,1,1,marked_tiff,0.0,2140.0,own_bar,1,,PINETUM,g0_PIN,NP199,4,1
np200_f3_l,NP200_F3,L,g0,4iv24,../g0/raw_images/4iv24/TIFF/NP200_F3_L.tif,images/np200_f3_l.tif,0,1,marked_tiff,0.0,2142.5,own_bar,1,,PINETUM,g0_PIN,NP200,4,1
rb386_r,RB386,R,g0,4iv24,../g0/raw_images/4iv24/TIFF/RB386_R.tif,images/rb386_r.tif,1,1,marked_tiff,0.0,2142.5,own_bar,1,,LECONTEI,g0_LEC,RB386,3,1
rb397_f2_l,RB397_F2,L,g0,4iv24,../g0/raw_images/4iv24/TIFF/RB397_F2_L.tif,images/rb397_f2_l.tif,0,1,marked_tiff,0.0,2142.5,own_bar,1,,LECONTEI,g0_LEC,RB397,2,1
rb400_l,RB400,L,g0,4iv24,../g0/raw_images/4iv24/TIFF/RB400_L.tif,images/rb400_l.tif,0,1,marked_tiff,0.0,2142.5,own_bar,1,,LECONTEI,g0_LEC,RB400,0,1
rb406_f6_r,RB406_F6,R,g0,4iv24,../g0/raw_images/4iv24/TIFF/RB406_F6_R.tif,images/rb406_f6_r.tif,1,1,marked_tiff,0.0,2142.5,own_bar,1,,LECONTEI,g0_LEC,RB406,1,1
rb409_f1_r,RB409_F1,R,g0,4iv24,../g0/raw_images/4iv24/TIFF/RB409_F1_R.tif,images/rb409_f1_r.tif,1,1,marked_tiff,0.0,2142.5,own_bar,1,,LECONTEI,g0_LEC,RB409,2,1
rb413_f1_l,RB413_F1,L,g0,4iv24,../g0/raw_images/4iv24/TIFF/RB413_F1_L.tif,images/rb413_f1_l.tif,0,1,marked_tiff,0.0,2140.0,own_bar,1,,LECONTEI,g0_LEC,RB413,0,1
rb414_f11_l,RB414_F11,L,g0,4iv24,../g0/raw_images/4iv24/TIFF/RB414_F11_L.tif,images/rb414_f11_l.tif,0,1,marked_tiff,0.0,2142.5,own_bar,1,,LECONTEI,g0_LEC,RB414,3,1
rb415_f4_r,RB415_F4,R,g0,4iv24,../g0/raw_images/4iv24/TIFF/RB415_F4_R.tif,images/rb415_f4_r.tif,1,1,marked_tiff,0.0,2142.5,own_bar,1,,LECONTEI,g0_LEC,RB415,2,1
rb416_f3_r,RB416_F3,R,g0,4iv24,../g0/raw_images/4iv24/TIFF/RB416_F3_R.tif,images/rb416_f3_r.tif,1,1,marked_tiff,0.0,2142.5,own_bar,1,,LECONTEI,g0_LEC,RB416,3,1
rb418_f9_r,RB418_F9,R,g0,4iv24,../g0/raw_images/4iv24/TIFF/RB418_F9_R.tif,images/rb418_f9_r.tif,1,1,marked_tiff,0.0,2142.5,own_bar,1,,LECONTEI,g0_LEC,RB418,3,1
rb462_f3_r,RB462_F3,R,g0,4iv24,../g0/raw_images/4iv24/TIFF/RB462_F3_R.tif,images/rb462_f3_r.tif,1,1,marked_tiff,0.0,2142.5,own_bar,1,,LECONTEI,g0_LEC,RB462,2,1
rb464_l,RB464,L,g0,4iv24,../g0/raw_images/4iv24/TIFF/RB464_L.tif,images/rb464_l.tif,0,1,marked_tiff,0.0,2140.0,own_bar,1,,LECONTEI,g0_LEC,RB464,4,1
rb466_f2_l,RB466_F2,L,g0,4iv24,../g0/raw_images/4iv24/TIFF/RB466_F2_L.tif,images/rb466_f2_l.tif,0,1,marked_tiff,0.0,2142.5,own_bar,1,,LECONTEI,g0_LEC,RB466,3,1
rb472_f3_l,RB472_F3,L,g0,4iv24,../g0/raw_images/4iv24/TIFF/RB472_F3_L.tif,images/rb472_f3_l.tif,0,1,marked_tiff,0.0,2142.5,own_bar,1,,LECONTEI,g0_LEC,RB472,0,1
rib_x005_f_r,RIB_X005_F,R,g0,4iv24,../g0/raw_images/4iv24/TIFF/RIB_X005_F_R.tif,images/rib_x005_f_r.tif,1,1,marked_tiff,0.0,2142.5,own_bar,1,,LECONTEI,g0_LEC,NL053,4,1
rid_x026_f_r,RID_X026_F,R,g0,4iv24,../g0/raw_images/4iv24/TIFF/RID_X026_F_R.tif,images/rid_x026_f_r.tif,1,1,marked_tiff,0.0,2142.5,own_bar,1,,LECONTEI,g0_LEC,NL054,2,1
rid_x028_f_l,RID_X028_F,L,g0,4iv24,../g0/raw_images/4iv24/TIFF/RID_X028_F_L.tif,images/rid_x028_f_l.tif,0,1,marked_tiff,0.0,2142.5,own_bar,1,,LECONTEI,g0_LEC,NL060,3,1
rid_x029_f_r,RID_X029_F,R,g0,4iv24,../g0/raw_images/4iv24/TIFF/RID_X029_F_R.tif,images/rid_x029_f_r.tif,1,1,marked_tiff,0.0,2142.5,own_bar,1,,LECONTEI,g0_LEC,NL050,1,1
rid_x055_f_l,RID_X055_F,L,g0,4iv24,../g0/raw_images/4iv24/TIFF/RID_X055_F_L.tif,images/rid_x055_f_l.tif,0,1,marked_tiff,0.0,2142.5,own_bar,1,,PINETUM,g0_PIN,AG103,3,1
rid_x059_f_l,RID_X059_F,L,g0,4iv24,../g0/raw_images/4iv24/TIFF/RID_X059_F_L.tif,images/rid_x059_f_l.tif,0,1,marked_tiff,0.0,2142.5,own_bar,1,,PINETUM,g0_PIN,AG102,2,1
rie_x014_f_r,RIE_X014_F,R,g0,4iv24,../g0/raw_images/4iv24/TIFF/RIE_X014_F_R.tif,images/rie_x014_f_r.tif,1,1,marked_tiff,0.0,2140.0,own_bar,1,,PINETUM,g0_PIN,AG144,4,1
ag007_f1_r,AG007_F1,R,g0,9iv24,../g0/raw_images/9iv24/TIF/AG007_F1_R.tif,images/ag007_f1_r.tif,1,1,marked_tiff,0.0,2142.5,own_bar,1,,LECONTEI,g0_LEC,AG007,4,1
ag011_l,AG011,L,g0,9iv24,../g0/raw_images/9iv24/TIF/AG011_L.tif,images/ag011_l.tif,0,1,marked_tiff,0.0,2142.5,own_bar,1,,LECONTEI,g0_LEC,AG011,1,1
ag029_f1_l,AG029_F1,L,g0,9iv24,../g0/raw_images/9iv24/TIF/AG029_F1_L.tif,images/ag029_f1_l.tif,0,1,marked_tiff,0.0,2142.5,own_bar,1,,LECONTEI,g0_LEC,AG029,4,0
ag039_f2_r,AG039_F2,R,g0,9iv24,../g0/raw_images/9iv24/TIF/AG039_F2_R.tif,images/ag039_f2_r.tif,1,1,marked_tiff,0.0,2142.5,own_bar,1,,PINETUM,g0_PIN,AG039,0,1
ag060_f1_l,AG060_F1,L,g0,9iv24,../g0/raw_images/9iv24/TIF/AG060_F1_L.tif,images/ag060_f1_l.tif,0,1,marked_tiff,0.0,2142.5,own_bar,1,,PINETUM,g0_PIN,AG060,4,1
ag060_f2_l,AG060_F2,L,g0,9iv24,../g0/raw_images/9iv24/TIF/AG060_F2_L.tif,images/ag060_f2_l.tif,0,1,marked_tiff,0.0,2140.0,own_bar,1,,PINETUM,g0_PIN,AG060,4,1
ag061_f1_l,AG061_F1,L,g0,9iv24,../g0/raw_images/9iv24/TIF/AG061_F1_L.tif,images/ag061_f1_l.tif,0,1,marked_tiff,0.0,2142.5,own_bar,1,,PINETUM,g0_PIN,AG061,0,1
ag061_f2_r,AG061_F2,R,g0,9iv24,../g0/raw_images/9iv24/TIF/AG061_F2_R.tif,images/ag061_f2_r.tif,1,1,marked_tiff,0.0,2142.5,own_bar,1,,PINETUM,g0_PIN,AG061,0,1
ag068_f2_r,AG068_F2,R,g0,9iv24,../g0/raw_images/9iv24/TIF/AG068_F2_R.tif,images/ag068_f2_r.tif,1,1,marked_tiff,0.0,2142.5,own_bar,1,,PINETUM,g0_PIN,AG068,0,1
ag070_f1_r,AG070_F1,R,g0,9iv24,../g0/raw_images/9iv24/TIF/AG070_F1_R.tif,images/ag070_f1_r.tif,1,1,marked_tiff,0.0,2142.5,own_bar,1,,PINETUM,g0_PIN,AG070,2,1
ag073_f1_r,AG073_F1,R,g0,9iv24,../g0/raw_images/9iv24/TIF/AG073_F1_R.tif,images/ag073_f1_r.tif,1,1,marked_tiff,0.0,2142.5,own_bar,1,,PINETUM,g0_PIN,AG073,2,1
ag078_f1_l,AG078_F1,L,g0,9iv24,../g0/raw_images/9iv24/TIF/AG078_F1_L.tif,images/ag078_f1_l.tif,0,1,marked_tiff,0.0,2142.5,own_bar,1,,LECONTEI,g0_LEC,AG078,1,1
ag078_f3_r,AG078_F3,R,g0,9iv24,../g0/raw_images/9iv24/TIF/AG078_F3_R.tif,images/ag078_f3_r.tif,1,1,marked_tiff,0.0,2142.5,own_bar,1,,LECONTEI,g0_LEC,AG078,1,1
ag078_f4_l,AG078_F4,L,g0,9iv24,../g0/raw_images/9iv24/TIF/AG078_F4_L.tif,images/ag078_f4_l.tif,0,1,marked_tiff,0.0,2140.0,own_bar,1,,LECONTEI,g0_LEC,AG078,1,1
ag078_f6_r,AG078_F6,R,g0,9iv24,../g0/raw_images/9iv24/TIF/AG078_F6_R.tif,images/ag078_f6_r.tif,1,1,marked_tiff,0.0,2140.0,own_bar,1,,LECONTEI,g0_LEC,AG078,1,1
ag078_f7_r,AG078_F7,R,g0,9iv24,../g0/raw_images/9iv24/TIF/AG078_F7_R.tif,images/ag078_f7_r.tif,1,1,marked_tiff,0.0,2142.5,own_bar,1,,LECONTEI,g0_LEC,AG078,1,1
ag101_l,AG101,L,g0,9iv24,../g0/raw_images/9iv24/TIF/AG101_L.tif,images/ag101_l.tif,0,1,marked_tiff,0.0,2142.5,own_bar,1,,PINETUM,g0_PIN,AG101,0,1
ag177_f2_r,AG177_F2,R,g0,9iv24,../g0/raw_images/9iv24/TIF/AG177_F2_R.tif,images/ag177_f2_r.tif,1,1,marked_tiff,0.0,2142.5,own_bar,1,,LECONTEI,g0_LEC,AG177,4,1
ag178_l,AG178,L,g0,9iv24,../g0/raw_images/9iv24/TIF/AG178_L.tif,images/ag178_l.tif,0,1,marked_tiff,0.0,2142.5,own_bar,1,,LECONTEI,g0_LEC,AG178,0,1
ag179_r,AG179,R,g0,9iv24,../g0/raw_images/9iv24/TIF/AG179_R.tif,images/ag179_r.tif,1,1,marked_tiff,0.0,2142.5,own_bar,1,,LECONTEI,g0_LEC,AG179,4,1
ag180_f5_r,AG180_F5,R,g0,9iv24,../g0/raw_images/9iv24/TIF/AG180_F5_R.tif,images/ag180_f5_r.tif,1,1,marked_tiff,0.0,2142.5,own_bar,1,,LECONTEI,g0_LEC,AG180,3,1
nl067_f5_l,NL067_F5,L,g0,9iv24,../g0/raw_images/9iv24/TIF/NL067_F5_L.tif,images/nl067_f5_l.tif,0,1,marked_tiff,0.0,2140.0,own_bar,1,,LECONTEI,g0_LEC,NL067,3,1
nl069_f1_l,NL069_F1,L,g0,9iv24,../g0/raw_images/9iv24/TIF/NL069_F1_L.tif,images/nl069_f1_l.tif,0,1,marked_tiff,0.0,2142.5,own_bar,1,,LECONTEI,g0_LEC,NL069,3,1
nl070_f2_l,NL070_F2,L,g0,9iv24,../g0/raw_images/9iv24/TIF/NL070_F2_L.tif,images/nl070_f2_l.tif,1,1,marked_tiff,0.0,2142.5,own_bar,1,,LECONTEI,g0_LEC,NL070,4,1
nl070_f3_l,NL070_F3,L,g0,9iv24,../g0/raw_images/9iv24/TIF/NL070_F3_L.tif,images/nl070_f3_l.tif,0,1,marked_tiff,0.0,2142.5,own_bar,1,,LECONTEI,g0_LEC,NL070,4,1
nl074_f1_r,NL074_F1,R,g0,9iv24,../g0/raw_images/9iv24/TIF/NL074_F1_R.tif,images/nl074_f1_r.tif,1,1,marked_tiff,0.0,2140.0,own_bar,1,,LECONTEI,g0_LEC,NL074,0,1
nl076_f2_r,NL076_F2,R,g0,9iv24,../g0/raw_images/9iv24/TIF/NL076_F2_R.tif,images/nl076_f2_r.tif,1,1,marked_tiff,0.0,2140.0,own_bar,1,,LECONTEI,g0_LEC,NL076,1,1
nl076_f3_l,NL076_F3,L,g0,9iv24,../g0/raw_images/9iv24/TIF/NL076_F3_L.tif,images/nl076_f3_l.tif,0,1,marked_tiff,0.0,2142.5,own_bar,1,,LECONTEI,g0_LEC,NL076,1,1
nl078_f1_r,NL078_F1,R,g0,9iv24,../g0/raw_images/9iv24/TIF/NL078_F1_R.tif,images/nl078_f1_r.tif,1,1,marked_tiff,0.0,2142.5,own_bar,1,,LECONTEI,g0_LEC,NL078,1,1
nl079_f1_l,NL079_F1,L,g0,9iv24,../g0/raw_images/9iv24/TIF/NL079_F1_L.tif,images/nl079_f1_l.tif,0,1,marked_tiff,0.0,2142.5,own_bar,1,,LECONTEI,g0_LEC,NL079,1,1
nl079_f4_r,NL079_F4,R,g0,9iv24,../g0/raw_images/9iv24/TIF/NL079_F4_R.tif,images/nl079_f4_r.tif,1,1,marked_tiff,0.0,2142.5,own_bar,1,,LECONTEI,g0_LEC,NL079,1,1
nl083_f8_l,NL083_F8,L,g0,9iv24,../g0/raw_images/9iv24/TIF/NL083_F8_L.tif,images/nl083_f8_l.tif,0,1,marked_tiff,0.0,2140.0,own_bar,1,,LECONTEI,g0_LEC,NL083,3,1
np190_f3_r,NP190_F3,R,g0,9iv24,../g0/raw_images/9iv24/TIF/NP190_F3_R.tif,images/np190_f3_r.tif,1,1,marked_tiff,0.0,2142.5,own_bar,1,,PINETUM,g0_PIN,NP190,3,1
np191_f1_l,NP191_F1,L,g0,9iv24,../g0/raw_images/9iv24/TIF/NP191_F1_L.tif,images/np191_f1_l.tif,0,1,marked_tiff,0.0,2142.5,own_bar,1,,PINETUM,g0_PIN,NP191,3,1
np192_f2_l,NP192_F2,L,g0,9iv24,../g0/raw_images/9iv24/TIF/NP192_F2_L.tif,images/np192_f2_l.tif,0,1,marked_tiff,0.0,2140.0,own_bar,1,,PINETUM,g0_PIN,NP192,4,1
np193_f13_r,NP193_F13,R,g0,9iv24,../g0/raw_images/9iv24/TIF/NP193_F13_R.tif,images/np193_f13_r.tif,1,1,marked_tiff,0.0,2142.5,own_bar,1,,PINETUM,g0_PIN,NP193,2,1
np195_f1_l,NP195_F1,L,g0,9iv24,../g0/raw_images/9iv24/TIF/NP195_F1_L.tif,images/np195_f1_l.tif,0,1,marked_tiff,0.0,2142.5,own_bar,1,,PINETUM,g0_PIN,NP195,2,1
np195_f6_r,NP195_F6,R,g0,9iv24,../g0/raw_images/9iv24/TIF/NP195_F6_R.tif,images/np195_f6_r.tif,1,1,marked_tiff,0.0,2142.5,own_bar,1,,PINETUM,g0_PIN,NP195,2,1
np195_f7_l,NP195_F7,L,g0,9iv24,../g0/raw_images/9iv24/TIF/NP195_F7_L.tif,images/np195_f7_l.tif,0,1,marked_tiff,0.0,2140.0,own_bar,1,,PINETUM,g0_PIN,NP195,2,1
np195_f_r,NP195_F,R,g0,9iv24,../g0/raw_images/9iv24/TIF/NP195_F_R.tif,images/np195_f_r.tif,1,1,marked_tiff,0.0,2140.0,own_bar,1,,PINETUM,g0_PIN,NP195,2,1
np200_f4_l,NP200_F4,L,g0,9iv24,../g0/raw_images/9iv24/TIF/NP200_F4_L.tif,images/np200_f4_l.tif,0,1,marked_tiff,0.0,2142.5,own_bar,1,,PINETUM,g0_PIN,NP200,4,1
np201_r,NP201,R,g0,9iv24,../g0/raw_images/9iv24/TIF/NP201_R.tif,images/np201_r.tif,1,1,marked_tiff,0.0,2142.5,own_bar,1,,PINETUM,g0_PIN,NP201,3,1
rb402_r,RB402,R,g0,9iv24,../g0/raw_images/9iv24/TIF/RB402_R.tif,images/rb402_r.tif,1,1,marked_tiff,0.0,2142.5,own_bar,1,,LECONTEI,g0_LEC,RB402,4,1
rib_x001_f_l,RIB_X001_F,L,g0,9iv24,../g0/raw_images/9iv24/TIF/RIB_X001_F_L.tif,images/rib_x001_f_l.tif,0,1,marked_tiff,0.0,2142.5,own_bar,1,,LECONTEI,g0_LEC,NL055,0,1
rib_x011_f_r,RIB_X011_F,R,g0,9iv24,../g0/raw_images/9iv24/TIF/RIB_X011_F_R.tif,images/rib_x011_f_r.tif,1,1,marked_tiff,0.0,2142.5,own_bar,1,,UNKNOWN,g0_UNK,RIB_X011,4,0
rib_x027_f_l,RIB_X027_F,L,g0,9iv24,../g0/raw_images/9iv24/TIF/RIB_X027_F_L.tif,images/rib_x027_f_l.tif,0,1,marked_tiff,0.0,2142.5,own_bar,1,,LECONTEI,g0_LEC,NL052,1,1
rib_x034_f_l,RIB_X034_F,L,g0,9iv24,../g0/raw_images/9iv24/TIF/RIB_X034_F_L.tif,images/rib_x034_f_l.tif,0,1,marked_tiff,0.0,2142.5,own_bar,1,,PINETUM,g0_PIN,NP182,0,1
rib_x036_f_l,RIB_X036_F,L,g0,9iv24,../g0/raw_images/9iv24/TIF/RIB_X036_F_L.tif,images/rib_x036_f_l.tif,0,1,marked_tiff,0.0,2142.5,own_bar,1,,PINETUM,g0_PIN,AG156,2,1
rib_x054_f_l,RIB_X054_F,L,g0,9iv24,../g0/raw_images/9iv24/TIF/RIB_X054_F_L.tif,images/rib_x054_f_l.tif,0,1,marked_tiff,0.0,2142.5,own_bar,1,,PINETUM,g0_PIN,NP181,2,1
rib_x055_f_l,RIB_X055_F,L,g0,9iv24,../g0/raw_images/9iv24/TIF/RIB_X055_F_L.tif,images/rib_x055_f_l.tif,0,1,marked_tiff,0.0,2142.5,own_bar,1,,LECONTEI,g0_LEC,NL056,0,1
rid_x009_f_r,RID_X009_F,R,g0,9iv24,../g0/raw_images/9iv24/TIF/RID_X009_F_R.tif,images/rid_x009_f_r.tif,1,1,marked_tiff,0.0,2140.0,own_bar,1,,PINETUM,g0_PIN,AG103,3,1
rid_x011_f_l,RID_X011_F,L,g0,9iv24,../g0/raw_images/9iv24/TIF/RID_X011_F_L.tif,images/rid_x011_f_l.tif,0,1,marked_tiff,0.0,2142.5,own_bar,1,,PINETUM,g0_PIN,AG152,0,1
rid_x037_f_l,RID_X037_F,L,g0,9iv24,../g0/raw_images/9iv24/TIF/RID_X037_F_L.tif,images/rid_x037_f_l.tif,0,1,marked_tiff,0.0,2142.5,own_bar,1,,PINETUM,g0_PIN,AG136,0,1
rid_x056_f_r,RID_X056_F,R,g0,9iv24,../g0/raw_images/9iv24/TIF/RID_X056_F_R.tif,images/rid_x056_f_r.tif,1,1,marked_tiff,0.0,2140.0,own_bar,1,,PINETUM,g0_PIN,AG136,0,1
nl23ky_x035_a21_r,NL23KY_X035_A21,R,splits,15x24,../splits/raw_images/15x24/TIF/NL23KY_X035_A21_R.tif,images/nl23ky_x035_a21_r.tif,1,1,marked_tiff,0.0,2142.5,own_bar,1,,LECONTEI,splits_LEC,NL23KY_X035,1,1
nl23ky_x035_a24_r,NL23KY_X035_A24,R,splits,15x24,../splits/raw_images/15x24/TIF/NL23KY_X035_A24_R.tif,images/nl23ky_x035_a24_r.tif,1,1,marked_tiff,0.0,2145.0,own_bar,1,,LECONTEI,splits_LEC,NL23KY_X035,1,1
nl23ky_x035_b16_r,NL23KY_X035_B16,R,splits,15x24,../splits/raw_images/15x24/TIF/NL23KY_X035_B16_R.tif,images/nl23ky_x035_b16_r.tif,1,1,marked_tiff,0.0,2140.0,own_bar,1,,LECONTEI,splits_LEC,NL23KY_X035,1,1
nl23ky_x035_b17_l,NL23KY_X035_B17,L,splits,15x24,../splits/raw_images/15x24/TIF/NL23KY_X035_B17_L.tif,images/nl23ky_x035_b17_l.tif,0,1,marked_tiff,0.0,2142.5,own_bar,1,,LECONTEI,splits_LEC,NL23KY_X035,1,1
nl23ky_x041_a3_l,NL23KY_X041_A3,L,splits,15x24,../splits/raw_images/15x24/TIF/NL23KY_X041_A3_L.tif,images/nl23ky_x041_a3_l.tif,0,1,marked_tiff,0.0,2142.5,own_bar,1,,LECONTEI,splits_LEC,NL23KY_X041,4,1
nl23ky_x041_a4_l,NL23KY_X041_A4,L,splits,15x24,../splits/raw_images/15x24/TIF/NL23KY_X041_A4_L.tif,images/nl23ky_x041_a4_l.tif,0,1,marked_tiff,0.0,2142.5,own_bar,1,,LECONTEI,splits_LEC,NL23KY_X041,4,1
nl23ky_x041_b10_l,NL23KY_X041_B10,L,splits,15x24,../splits/raw_images/15x24/TIF/NL23KY_X041_B10_L.tif,images/nl23ky_x041_b10_l.tif,0,1,marked_tiff,0.0,2142.5,own_bar,1,,LECONTEI,splits_LEC,NL23KY_X041,4,1
nl23ky_x041_b12_l,NL23KY_X041_B12,L,splits,15x24,../splits/raw_images/15x24/TIF/NL23KY_X041_B12_L.tif,images/nl23ky_x041_b12_l.tif,0,1,marked_tiff,0.0,2140.0,own_bar,1,,LECONTEI,splits_LEC,NL23KY_X041,4,1
nl23ky_x045_a3_l,NL23KY_X045_A3,L,splits,15x24,../splits/raw_images/15x24/TIF/NL23KY_X045_A3_L.tif,images/nl23ky_x045_a3_l.tif,0,1,marked_tiff,0.0,2142.5,own_bar,1,,LECONTEI,splits_LEC,NL23KY_X045,0,1
np23ky_x032_a7_l,NP23KY_X032_A7,L,splits,15x24,../splits/raw_images/15x24/TIF/NP23KY_X032_A7_L.tif,images/np23ky_x032_a7_l.tif,0,1,marked_tiff,0.0,2142.5,own_bar,1,,PINETUM,splits_PIN,NP23KY_X032,4,1
np23ky_x032_a8_r,NP23KY_X032_A8,R,splits,15x24,../splits/raw_images/15x24/TIF/NP23KY_X032_A8_R.tif,images/np23ky_x032_a8_r.tif,1,1,marked_tiff,0.0,2142.5,own_bar,1,,PINETUM,splits_PIN,NP23KY_X032,4,0
np23ky_x032_b6_l,NP23KY_X032_B6,L,splits,15x24,../splits/raw_images/15x24/TIF/NP23KY_X032_B6_L.tif,images/np23ky_x032_b6_l.tif,0,1,marked_tiff,0.0,2142.5,own_bar,1,,PINETUM,splits_PIN,NP23KY_X032,4,1
np23ky_x035_a1_r,NP23KY_X035_A1,R,splits,15x24,../splits/raw_images/15x24/TIF/NP23KY_X035_A1_R.tif,images/np23ky_x035_a1_r.tif,1,1,marked_tiff,0.0,2140.0,own_bar,1,,PINETUM,splits_PIN,NP23KY_X035,2,1
np23ky_x035_b11_l,NP23KY_X035_B11,L,splits,15x24,../splits/raw_images/15x24/TIF/NP23KY_X035_B11_L.tif,images/np23ky_x035_b11_l.tif,0,1,marked_tiff,0.0,2142.5,own_bar,1,,PINETUM,splits_PIN,NP23KY_X035,2,1
np23ky_x042_a27_r,NP23KY_X042_A27,R,splits,15x24,../splits/raw_images/15x24/TIF/NP23KY_X042_A27_R.tif,images/np23ky_x042_a27_r.tif,1,1,marked_tiff,0.0,2142.5,own_bar,1,,PINETUM,splits_PIN,NP23KY_X042,0,1
np23ky_x042_b32_l,NP23KY_X042_B32,L,splits,15x24,../splits/raw_images/15x24/TIF/NP23KY_X042_B32_L.tif,images/np23ky_x042_b32_l.tif,0,1,marked_tiff,0.0,2140.0,own_bar,1,,PINETUM,splits_PIN,NP23KY_X042,0,1
np23ky_x042_b42_r,NP23KY_X042_B42,R,splits,15x24,../splits/raw_images/15x24/TIF/NP23KY_X042_B42_R.tif,images/np23ky_x042_b42_r.tif,1,1,marked_tiff,0.0,2142.5,own_bar,1,,PINETUM,splits_PIN,NP23KY_X042,0,1
np23ky_x044_a12_l,NP23KY_X044_A12,L,splits,15x24,../splits/raw_images/15x24/TIF/NP23KY_X044_A12_L.tif,images/np23ky_x044_a12_l.tif,0,1,marked_tiff,0.0,2140.0,own_bar,1,,PINETUM,splits_PIN,NP23KY_X044,4,1
np23ky_x044_a14_r,NP23KY_X044_A14,R,splits,15x24,../splits/raw_images/15x24/TIF/NP23KY_X044_A14_R.tif,images/np23ky_x044_a14_r.tif,1,1,marked_tiff,0.0,2140.0,own_bar,1,,PINETUM,splits_PIN,NP23KY_X044,4,1
np23ky_x044_a17_l,NP23KY_X044_A17,L,splits,15x24,../splits/raw_images/15x24/TIF/NP23KY_X044_A17_L.tif,images/np23ky_x044_a17_l.tif,0,1,marked_tiff,0.0,2142.5,own_bar,1,,PINETUM,splits_PIN,NP23KY_X044,4,1
np23ky_x044_b19_r,NP23KY_X044_B19,R,splits,15x24,../splits/raw_images/15x24/TIF/NP23KY_X044_B19_R.tif,images/np23ky_x044_b19_r.tif,1,1,marked_tiff,0.0,2142.5,own_bar,1,,PINETUM,splits_PIN,NP23KY_X044,4,1
np23ky_x044_b21_l,NP23KY_X044_B21,L,splits,15x24,../splits/raw_images/15x24/TIF/NP23KY_X044_B21_L.tif,images/np23ky_x044_b21_l.tif,0,1,marked_tiff,0.0,2142.5,own_bar,1,,PINETUM,splits_PIN,NP23KY_X044,4,1
np23ky_x044_b23_r,NP23KY_X044_B23,R,splits,15x24,../splits/raw_images/15x24/TIF/NP23KY_X044_B23_R.tif,images/np23ky_x044_b23_r.tif,1,1,marked_tiff,0.0,2142.5,own_bar,1,,PINETUM,splits_PIN,NP23KY_X044,4,1
np23ky_x046_a8_r,NP23KY_X046_A8,R,splits,15x24,../splits/raw_images/15x24/TIF/NP23KY_X046_A8_R.tif,images/np23ky_x046_a8_r.tif,1,1,marked_tiff,0.0,2140.0,own_bar,1,,PINETUM,splits_PIN,NP23KY_X046,3,0
np23ky_x047_b2_l,NP23KY_X047_B2,L,splits,15x24,../splits/raw_images/15x24/TIF/NP23KY_X047_B2_L.tif,images/np23ky_x047_b2_l.tif,0,1,marked_tiff,0.0,2140.0,own_bar,1,,PINETUM,splits_PIN,NP23KY_X047,1,1
ne_x002_a15_r,NE_X002_A15,R,splits,20ii24,../splits/raw_images/20ii24/NE_X002_A15_R.tif,images/ne_x002_a15_r.tif,1,1,marked_tiff,0.0,2160.0,own_bar,1,,LECONTEI,splits_LEC,NL22NE_X002,0,1
ne_x006_b5_r,NE_X006_B5,R,splits,20ii24,../splits/raw_images/20ii24/NE_X006_B5_R.tif,images/ne_x006_b5_r.tif,1,1,marked_tiff,0.0,2160.0,own_bar,1,,LECONTEI,splits_LEC,NL22NE_X006,4,1
ne_x011_a13_l,NE_X011_A13,L,splits,20ii24,../splits/raw_images/20ii24/NE_X011_A13_L.tif,images/ne_x011_a13_l.tif,0,1,marked_tiff,0.0,2160.0,own_bar,1,,LECONTEI,splits_LEC,NL22NE_X011,1,1
ne_x012_a20_r,NE_X012_A20,R,splits,20ii24,../splits/raw_images/20ii24/NE_X012_A20_R.tif,images/ne_x012_a20_r.tif,1,1,marked_tiff,0.0,2160.0,own_bar,1,,LECONTEI,splits_LEC,NL22NE_X012,3,1
ne_x012_a21_l,NE_X012_A21,L,splits,20ii24,../splits/raw_images/20ii24/NE_X012_A21_L.tif,images/ne_x012_a21_l.tif,0,1,marked_tiff,0.0,2160.0,own_bar,1,,LECONTEI,splits_LEC,NL22NE_X012,3,1
ne_x012_a3_r,NE_X012_A3,R,splits,20ii24,../splits/raw_images/20ii24/NE_X012_A3_R.tif,images/ne_x012_a3_r.tif,1,1,marked_tiff,0.0,2160.0,own_bar,1,,LECONTEI,splits_LEC,NL22NE_X012,3,1
ne_x012_b12_l,NE_X012_B12,L,splits,20ii24,../splits/raw_images/20ii24/NE_X012_B12_L.tif,images/ne_x012_b12_l.tif,0,1,marked_tiff,0.0,2160.0,own_bar,1,,LECONTEI,splits_LEC,NL22NE_X012,3,1
nl22ne_x002_a17_l,NL22NE_X002_A17,L,splits,20ii24,../splits/raw_images/20ii24/NL22NE_X002_A17_L.tif,images/nl22ne_x002_a17_l.tif,0,1,marked_tiff,0.0,2160.0,own_bar,1,,LECONTEI,splits_LEC,NL22NE_X002,0,1
nl22ne_x002_b11_r,NL22NE_X002_B11,R,splits,20ii24,../splits/raw_images/20ii24/NL22NE_X002_B11_R.tif,images/nl22ne_x002_b11_r.tif,1,1,marked_tiff,0.0,2160.0,own_bar,1,,LECONTEI,splits_LEC,NL22NE_X002,0,1
nl22ne_x002_b15_l,NL22NE_X002_B15,L,splits,20ii24,../splits/raw_images/20ii24/NL22NE_X002_B15_L.tif,images/nl22ne_x002_b15_l.tif,0,1,marked_tiff,0.0,2160.0,own_bar,1,,LECONTEI,splits_LEC,NL22NE_X002,0,1
nl22ne_x006_b3_l,NL22NE_X006_B3,L,splits,20ii24,../splits/raw_images/20ii24/NL22NE_X006_B3_L.tif,images/nl22ne_x006_b3_l.tif,0,1,marked_tiff,0.0,2160.0,own_bar,1,,LECONTEI,splits_LEC,NL22NE_X006,4,1
nl22ne_x011_b4,NL22NE_X011_B4,,splits,20ii24,../splits/raw_images/20ii24/NL22NE_X011_B4.tif,images/nl22ne_x011_b4.tif,1,1,marked_tiff,0.0,2160.0,own_bar,1,,LECONTEI,splits_LEC,NL22NE_X011,1,1
nl22ne_x011_b5_l,NL22NE_X011_B5,L,splits,20ii24,../splits/raw_images/20ii24/NL22NE_X011_B5_L.tif,images/nl22ne_x011_b5_l.tif,0,1,marked_tiff,0.0,2160.0,own_bar,1,,LECONTEI,splits_LEC,NL22NE_X011,1,1
nl22ne_x012_a27_l,NL22NE_X012_A27,L,splits,20ii24,../splits/raw_images/20ii24/NL22NE_X012_A27_L.tif,images/nl22ne_x012_a27_l.tif,0,1,marked_tiff,0.0,2160.0,own_bar,1,,LECONTEI,splits_LEC,NL22NE_X012,3,1
nex006_b5_r,NEX006_B5,R,splits,20ii24,../splits/raw_images/20ii24/archive/NEX006_B5_R.tif,images/nex006_b5_r.tif,1,1,filename,,2160.0,own_bar,0,,LECONTEI,splits_LEC,NL22NE_X006,4,0
nex011_a13_l,NEX011_A13,L,splits,20ii24,../splits/raw_images/20ii24/archive/NEX011_A13_L.tif,images/nex011_a13_l.tif,0,1,filename,,2160.0,own_bar,0,,LECONTEI,splits_LEC,NL22NE_X011,1,0
nex012_a21_l,NEX012_A21,L,splits,20ii24,../splits/raw_images/20ii24/archive/NEX012_A21_L.tif,images/nex012_a21_l.tif,0,1,filename,,2160.0,own_bar,0,ne_x012_a21_l,LECONTEI,splits_LEC,NL22NE_X012,3,0
nex012_a3_r,NEX012_A3,R,splits,20ii24,../splits/raw_images/20ii24/archive/NEX012_A3_R.tif,images/nex012_a3_r.tif,1,1,filename,,2160.0,own_bar,0,,LECONTEI,splits_LEC,NL22NE_X012,3,0
nl22ne_x006_b3,NL22NE_X006_B3,,splits,20ii24,../splits/raw_images/20ii24/archive/NL22NE_X006_B3.tif,images/nl22ne_x006_b3.tif,0,1,filename,,2160.0,own_bar,0,,LECONTEI,splits_LEC,NL22NE_X006,4,0
nl23ky_x035_b16_r_2,NL23KY_X035_B16,R,splits,22x24,../splits/raw_images/22x24/TIF/NL23KY_X035_B16_R.tif,images/nl23ky_x035_b16_r_2.tif,1,1,marked_tiff,0.0,2140.0,own_bar,1,nl23ky_x035_b16_r,LECONTEI,splits_LEC,NL23KY_X035,1,0
nl23ky_x041_a3_l_2,NL23KY_X041_A3,L,splits,22x24,../splits/raw_images/22x24/TIF/NL23KY_X041_A3_L.tif,images/nl23ky_x041_a3_l_2.tif,0,1,marked_tiff,0.0,2142.5,own_bar,1,nl23ky_x041_a3_l,LECONTEI,splits_LEC,NL23KY_X041,4,0
np23ky_x032_a7_l_2,NP23KY_X032_A7,L,splits,22x24,../splits/raw_images/22x24/TIF/NP23KY_X032_A7_L.tif,images/np23ky_x032_a7_l_2.tif,0,1,marked_tiff,0.0,2142.5,own_bar,1,np23ky_x032_a7_l,PINETUM,splits_PIN,NP23KY_X032,4,0
np23ky_x042_a27_r_2,NP23KY_X042_A27,R,splits,22x24,../splits/raw_images/22x24/TIF/NP23KY_X042_A27_R.tif,images/np23ky_x042_a27_r_2.tif,1,1,marked_tiff,0.0,2142.5,own_bar,1,np23ky_x042_a27_r,PINETUM,splits_PIN,NP23KY_X042,0,0
np23ky_x042_b42_r_2,NP23KY_X042_B42,R,splits,22x24,../splits/raw_images/22x24/TIF/NP23KY_X042_B42_R.tif,images/np23ky_x042_b42_r_2.tif,1,1,marked_tiff,0.0,2142.5,own_bar,1,np23ky_x042_b42_r,PINETUM,splits_PIN,NP23KY_X042,0,0
np23ky_x044_b21_l_2,NP23KY_X044_B21,L,splits,22x24,../splits/raw_images/22x24/TIF/NP23KY_X044_B21_L.tif,images/np23ky_x044_b21_l_2.tif,0,1,marked_tiff,0.0,2142.5,own_bar,1,np23ky_x044_b21_l,PINETUM,splits_PIN,NP23KY_X044,4,0
np23ky_x044_b23_r_2,NP23KY_X044_B23,R,splits,22x24,../splits/raw_images/22x24/TIF/NP23KY_X044_B23_R.tif,images/np23ky_x044_b23_r_2.tif,1,1,marked_tiff,0.0,2142.5,own_bar,1,np23ky_x044_b23_r,PINETUM,splits_PIN,NP23KY_X044,4,0
ne_x002_a11_l,NE_X002_A11,L,splits,23ii24,../splits/raw_images/23ii24/NE_X002_A11_L.tif,images/ne_x002_a11_l.tif,0,1,marked_tiff,0.0,2160.0,own_bar,1,,LECONTEI,splits_LEC,NL22NE_X002,0,1
ne_x002_a14_l,NE_X002_A14,L,splits,23ii24,../splits/raw_images/23ii24/NE_X002_A14_L.tif,images/ne_x002_a14_l.tif,0,1,marked_tiff,0.0,2160.0,own_bar,1,,LECONTEI,splits_LEC,NL22NE_X002,0,1
ne_x002_b5_l,NE_X002_B5,L,splits,23ii24,../splits/raw_images/23ii24/NE_X002_B5_L.tif,images/ne_x002_b5_l.tif,0,1,marked_tiff,0.0,2160.0,own_bar,1,,LECONTEI,splits_LEC,NL22NE_X002,0,1
ne_x002_b6_l,NE_X002_B6,L,splits,23ii24,../splits/raw_images/23ii24/NE_X002_B6_L.tif,images/ne_x002_b6_l.tif,0,1,marked_tiff,0.0,2160.0,own_bar,1,,LECONTEI,splits_LEC,NL22NE_X002,0,1
ne_x002_b7_l,NE_X002_B7,L,splits,23ii24,../splits/raw_images/23ii24/NE_X002_B7_L.tif,images/ne_x002_b7_l.tif,0,1,marked_tiff,0.0,2160.0,own_bar,1,,LECONTEI,splits_LEC,NL22NE_X002,0,1
ne_x006_a26_l,NE_X006_A26,L,splits,23ii24,../splits/raw_images/23ii24/NE_X006_A26_L.tif,images/ne_x006_a26_l.tif,0,1,marked_tiff,0.0,2160.0,own_bar,1,,LECONTEI,splits_LEC,NL22NE_X006,4,1
ne_x006_a29_l,NE_X006_A29,L,splits,23ii24,../splits/raw_images/23ii24/NE_X006_A29_L.tif,images/ne_x006_a29_l.tif,0,1,marked_tiff,0.0,2160.0,own_bar,1,,LECONTEI,splits_LEC,NL22NE_X006,4,1
ne_x006_a7_r,NE_X006_A7,R,splits,23ii24,../splits/raw_images/23ii24/NE_X006_A7_R.tif,images/ne_x006_a7_r.tif,1,1,marked_tiff,0.0,2160.0,own_bar,1,,LECONTEI,splits_LEC,NL22NE_X006,4,1
ne_x011_a10_l,NE_X011_A10,L,splits,23ii24,../splits/raw_images/23ii24/NE_X011_A10_L.tif,images/ne_x011_a10_l.tif,0,1,marked_tiff,0.0,2160.0,own_bar,1,,LECONTEI,splits_LEC,NL22NE_X011,1,1
ne_x011_a11_r,NE_X011_A11,R,splits,23ii24,../splits/raw_images/23ii24/NE_X011_A11_R.tif,images/ne_x011_a11_r.tif,1,1,marked_tiff,0.0,2160.0,own_bar,1,,LECONTEI,splits_LEC,NL22NE_X011,1,1
ne_x011_a20_r,NE_X011_A20,R,splits,23ii24,../splits/raw_images/23ii24/NE_X011_A20_R.tif,images/ne_x011_a20_r.tif,1,1,marked_tiff,0.0,2160.0,own_bar,1,,LECONTEI,splits_LEC,NL22NE_X011,1,1
ne_x011_a7_l,NE_X011_A7,L,splits,23ii24,../splits/raw_images/23ii24/NE_X011_A7_L.tif,images/ne_x011_a7_l.tif,0,1,marked_tiff,0.0,2160.0,own_bar,1,,LECONTEI,splits_LEC,NL22NE_X011,1,1
ne_x011_a8_r,NE_X011_A8,R,splits,23ii24,../splits/raw_images/23ii24/NE_X011_A8_R.tif,images/ne_x011_a8_r.tif,1,1,marked_tiff,0.0,2160.0,own_bar,1,,LECONTEI,splits_LEC,NL22NE_X011,1,1
ne_x012_b13_r,NE_X012_B13,R,splits,23ii24,../splits/raw_images/23ii24/NE_X012_B13_R.tif,images/ne_x012_b13_r.tif,1,1,marked_tiff,0.0,2160.0,own_bar,1,,LECONTEI,splits_LEC,NL22NE_X012,3,1
ne_x012_b5_l,NE_X012_B5,L,splits,23ii24,../splits/raw_images/23ii24/NE_X012_B5_L.tif,images/ne_x012_b5_l.tif,0,1,marked_tiff,0.0,2160.0,own_bar,1,,LECONTEI,splits_LEC,NL22NE_X012,3,1
nl22ne_x012_b11_l,NL22NE_X012_B11,L,splits,23ii24,../splits/raw_images/23ii24/NL22NE_X012_B11_L.tif,images/nl22ne_x012_b11_l.tif,0,1,marked_tiff,0.0,2160.0,own_bar,1,,LECONTEI,splits_LEC,NL22NE_X012,3,1
nl22ne_x012_b4_r,NL22NE_X012_B4,R,splits,23ii24,../splits/raw_images/23ii24/NL22NE_X012_B4_R.tif,images/nl22ne_x012_b4_r.tif,1,1,marked_tiff,0.0,2160.0,own_bar,1,,LECONTEI,splits_LEC,NL22NE_X012,3,1
nl22ne_x012_a9_r,NL22NE_X012_A9,R,splits,23ii24,../splits/raw_images/23ii24/archive/NL22NE_X012_A9_R.tif,images/nl22ne_x012_a9_r.tif,1,1,filename,,2160.0,own_bar,0,,LECONTEI,splits_LEC,NL22NE_X012,3,0
nl23ky_x035_a22_r,NL23KY_X035_A22,R,splits,23x24,../splits/raw_images/23x24/TIF/NL23KY_X035_A22_R.tif,images/nl23ky_x035_a22_r.tif,1,1,marked_tiff,0.0,2142.5,own_bar,1,,LECONTEI,splits_LEC,NL23KY_X035,1,1
nl23ky_x035_a23_r,NL23KY_X035_A23,R,splits,23x24,../splits/raw_images/23x24/TIF/NL23KY_X035_A23_R.tif,images/nl23ky_x035_a23_r.tif,1,1,marked_tiff,0.0,2142.5,own_bar,1,,LECONTEI,splits_LEC,NL23KY_X035,1,1
nl23ky_x035_b18_r,NL23KY_X035_B18,R,splits,23x24,../splits/raw_images/23x24/TIF/NL23KY_X035_B18_R.tif,images/nl23ky_x035_b18_r.tif,1,1,marked_tiff,0.0,2140.0,own_bar,1,,LECONTEI,splits_LEC,NL23KY_X035,1,1
nl23ky_x035_b19_l,NL23KY_X035_B19,L,splits,23x24,../splits/raw_images/23x24/TIF/NL23KY_X035_B19_L.tif,images/nl23ky_x035_b19_l.tif,0,1,marked_tiff,0.0,2142.5,own_bar,1,,LECONTEI,splits_LEC,NL23KY_X035,1,1
nl23ky_x041_a6_r,NL23KY_X041_A6,R,splits,23x24,../splits/raw_images/23x24/TIF/NL23KY_X041_A6_R.tif,images/nl23ky_x041_a6_r.tif,1,1,marked_tiff,0.0,2140.0,own_bar,1,,LECONTEI,splits_LEC,NL23KY_X041,4,1
nl23ky_x045_a2_r,NL23KY_X045_A2,R,splits,23x24,../splits/raw_images/23x24/TIF/NL23KY_X045_A2_R.tif,images/nl23ky_x045_a2_r.tif,1,1,marked_tiff,0.0,2140.0,own_bar,1,,LECONTEI,splits_LEC,NL23KY_X045,0,1
np23kyx035_a2_r,NP23KYX035_A2,R,splits,23x24,../splits/raw_images/23x24/TIF/NP23KYX035_A2_R.tif,images/np23kyx035_a2_r.tif,1,1,marked_tiff,0.0,2142.5,own_bar,1,,PINETUM,splits_PIN,NP23KY_X035,2,1
np23ky_x032_a10_l,NP23KY_X032_A10,L,splits,23x24,../splits/raw_images/23x24/TIF/NP23KY_X032_A10_L.tif,images/np23ky_x032_a10_l.tif,0,1,marked_tiff,0.0,2142.5,own_bar,1,,PINETUM,splits_PIN,NP23KY_X032,4,1
np23ky_x032_a11_r,NP23KY_X032_A11,R,splits,23x24,../splits/raw_images/23x24/TIF/NP23KY_X032_A11_R.tif,images/np23ky_x032_a11_r.tif,1,1,marked_tiff,0.0,2140.0,own_bar,1,,PINETUM,splits_PIN,NP23KY_X032,4,1
np23ky_x032_a9_l,NP23KY_X032_A9,L,splits,23x24,../splits/raw_images/23x24/TIF/NP23KY_X032_A9_L.tif,images/np23ky_x032_a9_l.tif,0,1,marked_tiff,0.0,2142.5,own_bar,1,,PINETUM,splits_PIN,NP23KY_X032,4,1
np23ky_x032_b10_r,NP23KY_X032_B10,R,splits,23x24,../splits/raw_images/23x24/TIF/NP23KY_X032_B10_R.tif,images/np23ky_x032_b10_r.tif,1,1,marked_tiff,0.0,2142.5,own_bar,1,,PINETUM,splits_PIN,NP23KY_X032,4,1
np23ky_x032_b7_l,NP23KY_X032_B7,L,splits,23x24,../splits/raw_images/23x24/TIF/NP23KY_X032_B7_L.tif,images/np23ky_x032_b7_l.tif,0,1,marked_tiff,0.0,2145.0,own_bar,1,,PINETUM,splits_PIN,NP23KY_X032,4,1
np23ky_x032_b9_r,NP23KY_X032_B9,R,splits,23x24,../splits/raw_images/23x24/TIF/NP23KY_X032_B9_R.tif,images/np23ky_x032_b9_r.tif,1,1,marked_tiff,0.0,2142.5,own_bar,1,,PINETUM,splits_PIN,NP23KY_X032,4,1
np23ky_x035_a7_r,NP23KY_X035_A7,R,splits,23x24,../splits/raw_images/23x24/TIF/NP23KY_X035_A7_R.tif,images/np23ky_x035_a7_r.tif,1,1,marked_tiff,0.0,2140.0,own_bar,1,,PINETUM,splits_PIN,NP23KY_X035,2,1
np23ky_x035_b10_l,NP23KY_X035_B10,L,splits,23x24,../splits/raw_images/23x24/TIF/NP23KY_X035_B10_L.tif,images/np23ky_x035_b10_l.tif,0,1,marked_tiff,0.0,2142.5,own_bar,1,,PINETUM,splits_PIN,NP23KY_X035,2,1
np23ky_x042_b2_r,NP23KY_X042_B2,R,splits,23x24,../splits/raw_images/23x24/TIF/NP23KY_X042_B2_R.tif,images/np23ky_x042_b2_r.tif,1,1,marked_tiff,0.0,2145.0,own_bar,1,,PINETUM,splits_PIN,NP23KY_X042,0,1
np23ky_x044_a13_r,NP23KY_X044_A13,R,splits,23x24,../splits/raw_images/23x24/TIF/NP23KY_X044_A13_R.tif,images/np23ky_x044_a13_r.tif,1,1,marked_tiff,0.0,2142.5,own_bar,1,,PINETUM,splits_PIN,NP23KY_X044,4,1
np23ky_x044_a6_l,NP23KY_X044_A6,L,splits,23x24,../splits/raw_images/23x24/TIF/NP23KY_X044_A6_L.tif,images/np23ky_x044_a6_l.tif,0,1,marked_tiff,0.0,2140.0,own_bar,1,,PINETUM,splits_PIN,NP23KY_X044,4,1
np23ky_x046_b6_r,NP23KY_X046_B6,R,splits,23x24,../splits/raw_images/23x24/TIF/NP23KY_X046_B6_R.tif,images/np23ky_x046_b6_r.tif,1,1,marked_tiff,0.0,2142.5,own_bar,1,,PINETUM,splits_PIN,NP23KY_X046,3,1
np23ky_x047_a8_l,NP23KY_X047_A8,L,splits,23x24,../splits/raw_images/23x24/TIF/NP23KY_X047_A8_L.tif,images/np23ky_x047_a8_l.tif,0,1,marked_tiff,0.0,2142.5,own_bar,1,,PINETUM,splits_PIN,NP23KY_X047,1,1
nl23ky_x035_a18_r,NL23KY_X035_A18,R,splits,24x24,../splits/raw_images/24x24/TIF/NL23KY_X035_A18_R.tif,images/nl23ky_x035_a18_r.tif,1,1,marked_tiff,0.0,2140.0,own_bar,1,,LECONTEI,splits_LEC,NL23KY_X035,1,1
nl23ky_x035_b20_r,NL23KY_X035_B20,R,splits,24x24,../splits/raw_images/24x24/TIF/NL23KY_X035_B20_R.tif,images/nl23ky_x035_b20_r.tif,1,1,marked_tiff,0.0,2140.0,own_bar,1,,LECONTEI,splits_LEC,NL23KY_X035,1,1
nl23ky_x041_a5_r,NL23KY_X041_A5,R,splits,24x24,../splits/raw_images/24x24/TIF/NL23KY_X041_A5_R.tif,images/nl23ky_x041_a5_r.tif,1,1,marked_tiff,0.0,2140.0,own_bar,1,,LECONTEI,splits_LEC,NL23KY_X041,4,1
nl23ky_x041_a8_l,NL23KY_X041_A8,L,splits,24x24,../splits/raw_images/24x24/TIF/NL23KY_X041_A8_L.tif,images/nl23ky_x041_a8_l.tif,0,1,marked_tiff,0.0,2142.5,own_bar,1,,LECONTEI,splits_LEC,NL23KY_X041,4,1
nl23ky_x041_b11_r,NL23KY_X041_B11,R,splits,24x24,../splits/raw_images/24x24/TIF/NL23KY_X041_B11_R.tif,images/nl23ky_x041_b11_r.tif,1,1,marked_tiff,0.0,2142.5,own_bar,1,,LECONTEI,splits_LEC,NL23KY_X041,4,1
nl23ky_x041_b8_r,NL23KY_X041_B8,R,splits,24x24,../splits/raw_images/24x24/TIF/NL23KY_X041_B8_R.tif,images/nl23ky_x041_b8_r.tif,1,1,marked_tiff,0.0,2142.5,own_bar,1,,LECONTEI,splits_LEC,NL23KY_X041,4,1
nl23ky_x045_b2_r,NL23KY_X045_B2,R,splits,24x24,../splits/raw_images/24x24/TIF/NL23KY_X045_B2_R.tif,images/nl23ky_x045_b2_r.tif,1,1,marked_tiff,0.0,2140.0,own_bar,1,,LECONTEI,splits_LEC,NL23KY_X045,0,1
np23ky_x032_b8_l,NP23KY_X032_B8,L,splits,24x24,../splits/raw_images/24x24/TIF/NP23KY_X032_B8_L.tif,images/np23ky_x032_b8_l.tif,0,1,marked_tiff,0.0,2142.5,own_bar,1,,PINETUM,splits_PIN,NP23KY_X032,4,1
np23ky_x035_a8_l,NP23KY_X035_A8,L,splits,24x24,../splits/raw_images/24x24/TIF/NP23KY_X035_A8_L.tif,images/np23ky_x035_a8_l.tif,0,1,marked_tiff,0.0,2142.5,own_bar,1,,PINETUM,splits_PIN,NP23KY_X035,2,1
np23ky_x035_a9_l,NP23KY_X035_A9,L,splits,24x24,../splits/raw_images/24x24/TIF/NP23KY_X035_A9_L.tif,images/np23ky_x035_a9_l.tif,0,1,marked_tiff,0.0,2140.0,own_bar,1,,PINETUM,splits_PIN,NP23KY_X035,2,1
np23ky_x035_b10_l_2,NP23KY_X035_B10,L,splits,24x24,../splits/raw_images/24x24/TIF/NP23KY_X035_B10_L.tif,images/np23ky_x035_b10_l_2.tif,0,1,marked_tiff,0.0,2142.5,own_bar,1,np23ky_x035_b10_l,PINETUM,splits_PIN,NP23KY_X035,2,0
np23ky_x035_b13_l,NP23KY_X035_B13,L,splits,24x24,../splits/raw_images/24x24/TIF/NP23KY_X035_B13_L.tif,images/np23ky_x035_b13_l.tif,0,1,marked_tiff,0.0,2142.5,own_bar,1,,PINETUM,splits_PIN,NP23KY_X035,2,1
np23ky_x035_b9_r,NP23KY_X035_B9,R,splits,24x24,../splits/raw_images/24x24/TIF/NP23KY_X035_B9_R.tif,images/np23ky_x035_b9_r.tif,1,1,marked_tiff,0.0,2142.5,session_median,1,,PINETUM,splits_PIN,NP23KY_X035,2,0
np23ky_x042_a16_l,NP23KY_X042_A16,L,splits,24x24,../splits/raw_images/24x24/TIF/NP23KY_X042_A16_L.tif,images/np23ky_x042_a16_l.tif,0,1,marked_tiff,0.0,2140.0,own_bar,1,,PINETUM,splits_PIN,NP23KY_X042,0,1
np23ky_x042_a17_l,NP23KY_X042_A17,L,splits,24x24,../splits/raw_images/24x24/TIF/NP23KY_X042_A17_L.tif,images/np23ky_x042_a17_l.tif,0,1,marked_tiff,0.0,2140.0,own_bar,1,,PINETUM,splits_PIN,NP23KY_X042,0,1
np23ky_x042_a39_r,NP23KY_X042_A39,R,splits,24x24,../splits/raw_images/24x24/TIF/NP23KY_X042_A39_R.tif,images/np23ky_x042_a39_r.tif,1,1,marked_tiff,0.0,2142.5,own_bar,1,,PINETUM,splits_PIN,NP23KY_X042,0,1
np23ky_x042_a7_r,NP23KY_X042_A7,R,splits,24x24,../splits/raw_images/24x24/TIF/NP23KY_X042_A7_R.tif,images/np23ky_x042_a7_r.tif,1,1,marked_tiff,0.0,2140.0,own_bar,1,,PINETUM,splits_PIN,NP23KY_X042,0,1
np23ky_x042_b12_l,NP23KY_X042_B12,L,splits,24x24,../splits/raw_images/24x24/TIF/NP23KY_X042_B12_L.tif,images/np23ky_x042_b12_l.tif,0,1,marked_tiff,0.0,2140.0,own_bar,1,,PINETUM,splits_PIN,NP23KY_X042,0,1
np23ky_x042_b22_r,NP23KY_X042_B22,R,splits,24x24,../splits/raw_images/24x24/TIF/NP23KY_X042_B22_R.tif,images/np23ky_x042_b22_r.tif,1,1,marked_tiff,0.0,2142.5,own_bar,1,,PINETUM,splits_PIN,NP23KY_X042,0,1
np23ky_x044_b18_l,NP23KY_X044_B18,L,splits,24x24,../splits/raw_images/24x24/TIF/NP23KY_X044_B18_L.tif,images/np23ky_x044_b18_l.tif,0,1,marked_tiff,0.0,2140.0,own_bar,1,,PINETUM,splits_PIN,NP23KY_X044,4,1
np23ky_x044_b20_l,NP23KY_X044_B20,L,splits,24x24,../splits/raw_images/24x24/TIF/NP23KY_X044_B20_L.tif,images/np23ky_x044_b20_l.tif,0,1,marked_tiff,0.0,2142.5,own_bar,1,,PINETUM,splits_PIN,NP23KY_X044,4,1
np23ky_x046_a10_l,NP23KY_X046_A10,L,splits,24x24,../splits/raw_images/24x24/TIF/NP23KY_X046_A10_L.tif,images/np23ky_x046_a10_l.tif,0,1,marked_tiff,0.0,2140.0,own_bar,1,,PINETUM,splits_PIN,NP23KY_X046,3,1
np23ky_x046_a4_l,NP23KY_X046_A4,L,splits,24x24,../splits/raw_images/24x24/TIF/NP23KY_X046_A4_L.tif,images/np23ky_x046_a4_l.tif,0,1,marked_tiff,0.0,2140.0,own_bar,1,,PINETUM,splits_PIN,NP23KY_X046,3,1
np23ky_x046_a5_r,NP23KY_X046_A5,R,splits,24x24,../splits/raw_images/24x24/TIF/NP23KY_X046_A5_R.tif,images/np23ky_x046_a5_r.tif,1,1,marked_tiff,0.0,2142.5,own_bar,1,,PINETUM,splits_PIN,NP23KY_X046,3,0
np23ky_x046_b3_l,NP23KY_X046_B3,L,splits,24x24,../splits/raw_images/24x24/TIF/NP23KY_X046_B3_L.tif,images/np23ky_x046_b3_l.tif,0,1,marked_tiff,0.0,2142.5,own_bar,1,,PINETUM,splits_PIN,NP23KY_X046,3,1
np23ky_x046_b5_l,NP23KY_X046_B5,L,splits,24x24,../splits/raw_images/24x24/TIF/NP23KY_X046_B5_L.tif,images/np23ky_x046_b5_l.tif,0,1,marked_tiff,0.0,2142.5,own_bar,1,,PINETUM,splits_PIN,NP23KY_X046,3,1
np23ky_x046_b8_r,NP23KY_X046_B8,R,splits,24x24,../splits/raw_images/24x24/TIF/NP23KY_X046_B8_R.tif,images/np23ky_x046_b8_r.tif,1,1,marked_tiff,0.0,2142.5,own_bar,1,,PINETUM,splits_PIN,NP23KY_X046,3,1
nl24ky_x166_af1_r,NL24KY_X166_AF1,R,splits,27ii26,../splits/raw_images/27ii26/NL24KY_X166_AF1_R.tif,images/nl24ky_x166_af1_r.tif,1,1,marked_tiff,0.0,2140.0,own_bar,1,,LECONTEI,splits_LEC,NL24KY_X166,2,1
nl24ky_x166_af2_l,NL24KY_X166_AF2,L,splits,27ii26,../splits/raw_images/27ii26/NL24KY_X166_AF2_L.tif,images/nl24ky_x166_af2_l.tif,0,1,marked_tiff,0.0,2140.0,own_bar,1,,LECONTEI,splits_LEC,NL24KY_X166,2,1
nl24ky_x166_af3_r,NL24KY_X166_AF3,R,splits,27ii26,../splits/raw_images/27ii26/NL24KY_X166_AF3_R.tif,images/nl24ky_x166_af3_r.tif,1,1,marked_tiff,0.0,2140.0,own_bar,1,,LECONTEI,splits_LEC,NL24KY_X166,2,1
nl24ky_x166_af5_l,NL24KY_X166_AF5,L,splits,27ii26,../splits/raw_images/27ii26/NL24KY_X166_AF5_L.tif,images/nl24ky_x166_af5_l.tif,0,1,marked_tiff,0.0,2140.0,own_bar,1,,LECONTEI,splits_LEC,NL24KY_X166,2,1
nl24ky_x166_af6_r,NL24KY_X166_AF6,R,splits,27ii26,../splits/raw_images/27ii26/NL24KY_X166_AF6_R.tif,images/nl24ky_x166_af6_r.tif,1,1,marked_tiff,0.0,2140.0,own_bar,1,,LECONTEI,splits_LEC,NL24KY_X166,2,1
nl24ky_x166_af7_r,NL24KY_X166_AF7,R,splits,27ii26,../splits/raw_images/27ii26/NL24KY_X166_AF7_R.tif,images/nl24ky_x166_af7_r.tif,1,1,marked_tiff,0.0,2140.0,own_bar,1,,LECONTEI,splits_LEC,NL24KY_X166,2,1
nl24ky_x166_b2_l,NL24KY_X166_B2,L,splits,27ii26,../splits/raw_images/27ii26/NL24KY_X166_B2_L.tif,images/nl24ky_x166_b2_l.tif,0,1,marked_tiff,0.0,2140.0,own_bar,1,,LECONTEI,splits_LEC,NL24KY_X166,2,1
nl24ky_x166_bf1_r,NL24KY_X166_BF1,R,splits,27ii26,../splits/raw_images/27ii26/NL24KY_X166_BF1_R.tif,images/nl24ky_x166_bf1_r.tif,1,1,marked_tiff,0.0,2140.0,own_bar,1,,LECONTEI,splits_LEC,NL24KY_X166,2,1
nl24ky_x166_bf3_l,NL24KY_X166_BF3,L,splits,27ii26,../splits/raw_images/27ii26/NL24KY_X166_BF3_L.tif,images/nl24ky_x166_bf3_l.tif,0,1,marked_tiff,0.0,2140.0,own_bar,1,,LECONTEI,splits_LEC,NL24KY_X166,2,1
nl24ky_x166_bf4_r,NL24KY_X166_BF4,R,splits,27ii26,../splits/raw_images/27ii26/NL24KY_X166_BF4_R.tif,images/nl24ky_x166_bf4_r.tif,1,1,marked_tiff,0.0,2140.0,own_bar,1,,LECONTEI,splits_LEC,NL24KY_X166,2,1
nl24ky_x166_bf6_r,NL24KY_X166_BF6,R,splits,27ii26,../splits/raw_images/27ii26/NL24KY_X166_BF6_R.tif,images/nl24ky_x166_bf6_r.tif,1,1,marked_tiff,0.0,2140.0,own_bar,1,,LECONTEI,splits_LEC,NL24KY_X166,2,1
nl24ky_x166_bf7_r,NL24KY_X166_BF7,R,splits,27ii26,../splits/raw_images/27ii26/NL24KY_X166_BF7_R.tif,images/nl24ky_x166_bf7_r.tif,1,1,marked_tiff,0.0,2140.0,own_bar,1,,LECONTEI,splits_LEC,NL24KY_X166,2,1
np24ky_x084_a11_l,NP24KY_X084_A11,L,splits,27ii26,../splits/raw_images/27ii26/NP24KY_X084_A11_L.tif,images/np24ky_x084_a11_l.tif,0,1,marked_tiff,0.0,2140.0,own_bar,1,,PINETUM,splits_PIN,NP24KY_X084,0,1
np24ky_x084_a12_r,NP24KY_X084_A12,R,splits,27ii26,../splits/raw_images/27ii26/NP24KY_X084_A12_R.tif,images/np24ky_x084_a12_r.tif,1,1,marked_tiff,0.0,2140.0,own_bar,1,,PINETUM,splits_PIN,NP24KY_X084,0,1
np24ky_x084_a13_l,NP24KY_X084_A13,L,splits,27ii26,../splits/raw_images/27ii26/NP24KY_X084_A13_L.tif,images/np24ky_x084_a13_l.tif,0,1,marked_tiff,0.0,2140.0,own_bar,1,,PINETUM,splits_PIN,NP24KY_X084,0,1
np24ky_x084_a16_l,NP24KY_X084_A16,L,splits,27ii26,../splits/raw_images/27ii26/NP24KY_X084_A16_L.tif,images/np24ky_x084_a16_l.tif,0,1,marked_tiff,0.0,2140.0,own_bar,1,,PINETUM,splits_PIN,NP24KY_X084,0,1
np24ky_x084_a24_l,NP24KY_X084_A24,L,splits,27ii26,../splits/raw_images/27ii26/NP24KY_X084_A24_L.tif,images/np24ky_x084_a24_l.tif,0,1,marked_tiff,0.0,2140.0,own_bar,1,,PINETUM,splits_PIN,NP24KY_X084,0,1
np24ky_x084_a25_l,NP24KY_X084_A25,L,splits,27ii26,../splits/raw_images/27ii26/NP24KY_X084_A25_L.tif,images/np24ky_x084_a25_l.tif,0,1,marked_tiff,0.0,2140.0,own_bar,1,,PINETUM,splits_PIN,NP24KY_X084,0,1
np24ky_x084_a9_r,NP24KY_X084_A9,R,splits,27ii26,../splits/raw_images/27ii26/NP24KY_X084_A9_R.tif,images/np24ky_x084_a9_r.tif,1,1,marked_tiff,0.0,2140.0,own_bar,1,,PINETUM,splits_PIN,NP24KY_X084,0,1
np24ky_x084_b15_l,NP24KY_X084_B15,L,splits,27ii26,../splits/raw_images/27ii26/NP24KY_X084_B15_L.tif,images/np24ky_x084_b15_l.tif,0,1,marked_tiff,0.0,2140.0,own_bar,1,,PINETUM,splits_PIN,NP24KY_X084,0,1
np24ky_x084_b27_l,NP24KY_X084_B27,L,splits,27ii26,../splits/raw_images/27ii26/NP24KY_X084_B27_L.tif,images/np24ky_x084_b27_l.tif,0,1,marked_tiff,0.0,2140.0,own_bar,1,,PINETUM,splits_PIN,NP24KY_X084,0,1
np24ky_x084_b30_r,NP24KY_X084_B30,R,splits,27ii26,../splits/raw_images/27ii26/NP24KY_X084_B30_R.tif,images/np24ky_x084_b30_r.tif,1,1,marked_tiff,0.0,2140.0,own_bar,1,,PINETUM,splits_PIN,NP24KY_X084,0,1
np24ky_x084_b9_l,NP24KY_X084_B9,L,splits,27ii26,../splits/raw_images/27ii26/NP24KY_X084_B9_L.tif,images/np24ky_x084_b9_l.tif,0,1,marked_tiff,0.0,2140.0,own_bar,1,,PINETUM,splits_PIN,NP24KY_X084,0,1
np24ky_x093_a11_l,NP24KY_X093_A11,L,splits,27ii26,../splits/raw_images/27ii26/NP24KY_X093_A11_L.tif,images/np24ky_x093_a11_l.tif,0,1,marked_tiff,0.0,2140.0,own_bar,1,,PINETUM,splits_PIN,NP24KY_X093,1,1
np24ky_x093_a12_l,NP24KY_X093_A12,L,splits,27ii26,../splits/raw_images/27ii26/NP24KY_X093_A12_L.tif,images/np24ky_x093_a12_l.tif,0,1,marked_tiff,0.0,2140.0,own_bar,1,,PINETUM,splits_PIN,NP24KY_X093,1,0
np24ky_x093_a13_l,NP24KY_X093_A13,L,splits,27ii26,../splits/raw_images/27ii26/NP24KY_X093_A13_L.tif,images/np24ky_x093_a13_l.tif,0,1,marked_tiff,0.0,2140.0,own_bar,1,,PINETUM,splits_PIN,NP24KY_X093,1,1
np24ky_x093_a16_l,NP24KY_X093_A16,L,splits,27ii26,../splits/raw_images/27ii26/NP24KY_X093_A16_L.tif,images/np24ky_x093_a16_l.tif,0,1,marked_tiff,0.0,2140.0,own_bar,1,,PINETUM,splits_PIN,NP24KY_X093,1,1
np24ky_x093_a20_r,NP24KY_X093_A20,R,splits,27ii26,../splits/raw_images/27ii26/NP24KY_X093_A20_R.tif,images/np24ky_x093_a20_r.tif,1,1,marked_tiff,0.0,2140.0,own_bar,1,,PINETUM,splits_PIN,NP24KY_X093,1,1
np24ky_x093_a22_r,NP24KY_X093_A22,R,splits,27ii26,../splits/raw_images/27ii26/NP24KY_X093_A22_R.tif,images/np24ky_x093_a22_r.tif,1,1,marked_tiff,0.0,2140.0,own_bar,1,,PINETUM,splits_PIN,NP24KY_X093,1,1
np24ky_x093_a24_l,NP24KY_X093_A24,L,splits,27ii26,../splits/raw_images/27ii26/NP24KY_X093_A24_L.tif,images/np24ky_x093_a24_l.tif,0,1,marked_tiff,0.0,2140.0,own_bar,1,,PINETUM,splits_PIN,NP24KY_X093,1,1
np24ky_x093_b17_l,NP24KY_X093_B17,L,splits,27ii26,../splits/raw_images/27ii26/NP24KY_X093_B17_L.tif,images/np24ky_x093_b17_l.tif,0,1,marked_tiff,0.0,2140.0,own_bar,1,,PINETUM,splits_PIN,NP24KY_X093,1,1
np24ky_x093_b19_r,NP24KY_X093_B19,R,splits,27ii26,../splits/raw_images/27ii26/NP24KY_X093_B19_R.tif,images/np24ky_x093_b19_r.tif,1,1,marked_tiff,0.0,2140.0,own_bar,1,,PINETUM,splits_PIN,NP24KY_X093,1,1
np24ky_x093_b21_l,NP24KY_X093_B21,L,splits,27ii26,../splits/raw_images/27ii26/NP24KY_X093_B21_L.tif,images/np24ky_x093_b21_l.tif,0,1,marked_tiff,0.0,2140.0,own_bar,1,,PINETUM,splits_PIN,NP24KY_X093,1,1
np24ky_x093_b24_r,NP24KY_X093_B24,R,splits,27ii26,../splits/raw_images/27ii26/NP24KY_X093_B24_R.tif,images/np24ky_x093_b24_r.tif,1,1,marked_tiff,0.0,2140.0,own_bar,1,,PINETUM,splits_PIN,NP24KY_X093,1,1
np24ky_x093_b26_r,NP24KY_X093_B26,R,splits,27ii26,../splits/raw_images/27ii26/NP24KY_X093_B26_R.tif,images/np24ky_x093_b26_r.tif,1,1,marked_tiff,0.0,2140.0,own_bar,1,,PINETUM,splits_PIN,NP24KY_X093,1,1
np24ky_x1018_7_r,NP24KY_X1018_7,R,splits,27ii26,../splits/raw_images/27ii26/NP24KY_X1018_7_R.tif,images/np24ky_x1018_7_r.tif,1,1,marked_tiff,0.0,2140.0,own_bar,1,,PINETUM,splits_PIN,NP24KY_X1018,0,1
np24ky_x101_a10_l,NP24KY_X101_A10,L,splits,27ii26,../splits/raw_images/27ii26/NP24KY_X101_A10_L.tif,images/np24ky_x101_a10_l.tif,0,1,marked_tiff,0.0,2140.0,own_bar,1,,PINETUM,splits_PIN,NP24KY_X101,1,1
np24ky_x101_a11_l,NP24KY_X101_A11,L,splits,27ii26,../splits/raw_images/27ii26/NP24KY_X101_A11_L.tif,images/np24ky_x101_a11_l.tif,0,1,marked_tiff,0.0,2140.0,own_bar,1,,PINETUM,splits_PIN,NP24KY_X101,1,1
np24ky_x101_a4_r,NP24KY_X101_A4,R,splits,27ii26,../splits/raw_images/27ii26/NP24KY_X101_A4_R.tif,images/np24ky_x101_a4_r.tif,1,1,marked_tiff,0.0,2140.0,own_bar,1,,PINETUM,splits_PIN,NP24KY_X101,1,1
np24ky_x101_a5_l,NP24KY_X101_A5,L,splits,27ii26,../splits/raw_images/27ii26/NP24KY_X101_A5_L.tif,images/np24ky_x101_a5_l.tif,0,1,marked_tiff,0.0,2140.0,own_bar,1,,PINETUM,splits_PIN,NP24KY_X101,1,1
np24ky_x101_a6_r,NP24KY_X101_A6,R,splits,27ii26,../splits/raw_images/27ii26/NP24KY_X101_A6_R.tif,images/np24ky_x101_a6_r.tif,1,1,marked_tiff,0.0,2140.0,own_bar,1,,PINETUM,splits_PIN,NP24KY_X101,1,1
np24ky_x101_a8_l,NP24KY_X101_A8,L,splits,27ii26,../splits/raw_images/27ii26/NP24KY_X101_A8_L.tif,images/np24ky_x101_a8_l.tif,0,1,marked_tiff,0.0,2140.0,own_bar,1,,PINETUM,splits_PIN,NP24KY_X101,1,1
np24ky_x101_b12_r,NP24KY_X101_B12,R,splits,27ii26,../splits/raw_images/27ii26/NP24KY_X101_B12_R.tif,images/np24ky_x101_b12_r.tif,1,1,marked_tiff,0.0,2140.0,own_bar,1,,PINETUM,splits_PIN,NP24KY_X101,1,1
np24ky_x101_b16_r,NP24KY_X101_B16,R,splits,27ii26,../splits/raw_images/27ii26/NP24KY_X101_B16_R.tif,images/np24ky_x101_b16_r.tif,1,1,marked_tiff,0.0,2140.0,own_bar,1,,PINETUM,splits_PIN,NP24KY_X101,1,1
np24ky_x101_b24_l,NP24KY_X101_B24,L,splits,27ii26,../splits/raw_images/27ii26/NP24KY_X101_B24_L.tif,images/np24ky_x101_b24_l.tif,0,1,marked_tiff,0.0,2140.0,own_bar,1,,PINETUM,splits_PIN,NP24KY_X101,1,1
np24ky_x101_b2_r,NP24KY_X101_B2,R,splits,27ii26,../splits/raw_images/27ii26/NP24KY_X101_B2_R.tif,images/np24ky_x101_b2_r.tif,1,1,marked_tiff,0.0,2140.0,own_bar,1,,PINETUM,splits_PIN,NP24KY_X101,1,1
nex002_a12_l,NEX002_A12,L,splits,29ii24,../splits/raw_images/29ii24/TIF/NEX002_A12_L.tif,images/nex002_a12_l.tif,0,1,marked_tiff,0.0,2142.5,own_bar,1,,LECONTEI,splits_LEC,NL22NE_X002,0,1
nex006_a4_r,NEX006_A4,R,splits,29ii24,../splits/raw_images/29ii24/TIF/NEX006_A4_R.tif,images/nex006_a4_r.tif,1,1,marked_tiff,0.0,2142.5,own_bar,1,,LECONTEI,splits_LEC,NL22NE_X006,4,1
np22ky_x014_b6_l,NP22KY_X014_B6,L,splits,29ii24,../splits/raw_images/29ii24/TIF/NP22KY_X014_B6_L.tif,images/np22ky_x014_b6_l.tif,0,1,marked_tiff,0.0,2142.5,own_bar,1,,PINETUM,splits_PIN,NP22KY_X014,3,1
np22ky_x014_b9_r,NP22KY_X014_B9,R,splits,29ii24,../splits/raw_images/29ii24/TIF/NP22KY_X014_B9_R.tif,images/np22ky_x014_b9_r.tif,1,1,marked_tiff,0.0,2142.5,own_bar,1,,PINETUM,splits_PIN,NP22KY_X014,3,1
np22ky_x017_a10_l,NP22KY_X017_A10,L,splits,29ii24,../splits/raw_images/29ii24/TIF/NP22KY_X017_A10_L.tif,images/np22ky_x017_a10_l.tif,0,1,marked_tiff,0.0,2142.5,own_bar,1,,PINETUM,splits_PIN,NP22KY_X017,2,1
np22ky_x017_a2_l,NP22KY_X017_A2,L,splits,29ii24,../splits/raw_images/29ii24/TIF/NP22KY_X017_A2_L.tif,images/np22ky_x017_a2_l.tif,0,1,marked_tiff,0.0,2142.5,own_bar,1,,PINETUM,splits_PIN,NP22KY_X017,2,1
np22ky_x017_a7_l,NP22KY_X017_A7,L,splits,29ii24,../splits/raw_images/29ii24/TIF/NP22KY_X017_A7_L.tif,images/np22ky_x017_a7_l.tif,0,1,marked_tiff,0.0,2142.5,own_bar,1,,PINETUM,splits_PIN,NP22KY_X017,2,1
np22ky_x017_b15_r,NP22KY_X017_B15,R,splits,29ii24,../splits/raw_images/29ii24/TIF/NP22KY_X017_B15_R.tif,images/np22ky_x017_b15_r.tif,1,1,marked_tiff,0.0,2142.5,own_bar,1,,PINETUM,splits_PIN,NP22KY_X017,2,1
np22ky_x017_b20_l,NP22KY_X017_B20,L,splits,29ii24,../splits/raw_images/29ii24/TIF/NP22KY_X017_B20_L.tif,images/np22ky_x017_b20_l.tif,0,1,marked_tiff,0.0,2142.5,own_bar,1,,PINETUM,splits_PIN,NP22KY_X017,2,1
np22ky_x017_b21_l,NP22KY_X017_B21,L,splits,29ii24,../splits/raw_images/29ii24/TIF/NP22KY_X017_B21_L.tif,images/np22ky_x017_b21_l.tif,0,1,marked_tiff,0.0,2142.5,own_bar,1,,PINETUM,splits_PIN,NP22KY_X017,2,1
nex002_a12_l_2,NEX002_A12,L,splits,29ii24,../splits/raw_images/29ii24/TIF/archive/NEX002_A12_L/NEX002_A12_L.tif,images/nex002_a12_l_2.tif,0,1,marked_tiff,0.0,2142.5,own_bar,1,nex002_a12_l,LECONTEI,splits_LEC,NL22NE_X002,0,0
np22ky_x014_b6_l_2,NP22KY_X014_B6,L,splits,29ii24,../splits/raw_images/29ii24/TIF/archive/NEX002_A12_L/NP22KY_X014_B6_L.tif,images/np22ky_x014_b6_l_2.tif,0,1,marked_tiff,0.0,2142.5,own_bar,1,np22ky_x014_b6_l,PINETUM,splits_PIN,NP22KY_X014,3,0
nex006_a4_r_2,NEX006_A4,R,splits,29ii24,../splits/raw_images/29ii24/TIF/archive/NEX006_A4_R/NEX006_A4_R.tif,images/nex006_a4_r_2.tif,1,1,marked_tiff,0.0,2142.5,own_bar,1,nex006_a4_r,LECONTEI,splits_LEC,NL22NE_X006,4,0
np22ky_x014_b6_l_3,NP22KY_X014_B6,L,splits,29ii24,../splits/raw_images/29ii24/TIF/archive/NP22KY_X014_B6_L/NP22KY_X014_B6_L.tif,images/np22ky_x014_b6_l_3.tif,0,1,marked_tiff,0.0,2142.5,own_bar,1,np22ky_x014_b6_l,PINETUM,splits_PIN,NP22KY_X014,3,0
np22ky_x014_b9_r_2,NP22KY_X014_B9,R,splits,29ii24,../splits/raw_images/29ii24/TIF/archive/NP22KY_X014_B9_R/NP22KY_X014_B9_R.tif,images/np22ky_x014_b9_r_2.tif,1,1,marked_tiff,0.0,2142.5,own_bar,1,np22ky_x014_b9_r,PINETUM,splits_PIN,NP22KY_X014,3,0
np22ky_x017_a10_l_2,NP22KY_X017_A10,L,splits,29ii24,../splits/raw_images/29ii24/TIF/archive/NP22KY_X017_A10_L/NP22KY_X017_A10_L.tif,images/np22ky_x017_a10_l_2.tif,0,1,marked_tiff,0.0,2142.5,own_bar,1,np22ky_x017_a10_l,PINETUM,splits_PIN,NP22KY_X017,2,0
np22ky_x017_a2_l_2,NP22KY_X017_A2,L,splits,29ii24,../splits/raw_images/29ii24/TIF/archive/NP22KY_X017_A2_L/NP22KY_X017_A2_L.tif,images/np22ky_x017_a2_l_2.tif,0,1,marked_tiff,0.0,2142.5,own_bar,1,np22ky_x017_a2_l,PINETUM,splits_PIN,NP22KY_X017,2,0
np22ky_x017_a7_l_2,NP22KY_X017_A7,L,splits,29ii24,../splits/raw_images/29ii24/TIF/archive/NP22KY_X017_A7_L/NP22KY_X017_A7_L.tif,images/np22ky_x017_a7_l_2.tif,0,1,marked_tiff,0.0,2142.5,own_bar,1,np22ky_x017_a7_l,PINETUM,splits_PIN,NP22KY_X017,2,0
np22ky_x017_b15_r_2,NP22KY_X017_B15,R,splits,29ii24,../splits/raw_images/29ii24/TIF/archive/NP22KY_X017_B15_R/NP22KY_X017_B15_R.tif,images/np22ky_x017_b15_r_2.tif,1,1,marked_tiff,0.0,2142.5,own_bar,1,np22ky_x017_b15_r,PINETUM,splits_PIN,NP22KY_X017,2,0
np22ky_x017_b20_l_2,NP22KY_X017_B20,L,splits,29ii24,../splits/raw_images/29ii24/TIF/archive/NP22KY_X017_B20_L/NP22KY_X017_B20_L.tif,images/np22ky_x017_b20_l_2.tif,0,1,marked_tiff,0.0,2142.5,own_bar,1,np22ky_x017_b20_l,PINETUM,splits_PIN,NP22KY_X017,2,0
np22ky_x017_b21_l_2,NP22KY_X017_B21,L,splits,29ii24,../splits/raw_images/29ii24/TIF/archive/NP22KY_X017_B21_L/NP22KY_X017_B21_L.tif,images/np22ky_x017_b21_l_2.tif,0,1,marked_tiff,0.0,2142.5,own_bar,1,np22ky_x017_b21_l,PINETUM,splits_PIN,NP22KY_X017,2,0
nl22ne_x012_a9_r_v2,NL22NE_X012_A9,R,splits,4xi24,../splits/raw_images/4xi24/TIF/NL22NE_X012_A9_R_V2.jpg,images/nl22ne_x012_a9_r_v2.tif,1,1,marked_tiff,0.0,2145.0,own_bar,1,,LECONTEI,splits_LEC,NL22NE_X012,3,1
np22ky_x012_a2_l,NP22KY_X012_A2,L,splits,7iii24,../splits/raw_images/7iii24/TIF/NP22KY_X012_A2_L.tif,images/np22ky_x012_a2_l.tif,0,1,marked_tiff,0.0,2142.5,own_bar,1,,PINETUM,splits_PIN,NP22KY_X012,3,1
np22ky_x012_a3_l,NP22KY_X012_A3,L,splits,7iii24,../splits/raw_images/7iii24/TIF/NP22KY_X012_A3_L.tif,images/np22ky_x012_a3_l.tif,0,1,marked_tiff,0.0,2142.5,own_bar,1,,PINETUM,splits_PIN,NP22KY_X012,3,0
np22ky_x012_a8_l,NP22KY_X012_A8,L,splits,7iii24,../splits/raw_images/7iii24/TIF/NP22KY_X012_A8_L.tif,images/np22ky_x012_a8_l.tif,0,1,marked_tiff,0.0,2142.5,own_bar,1,,PINETUM,splits_PIN,NP22KY_X012,3,1
np22ky_x012_b3_r,NP22KY_X012_B3,R,splits,7iii24,../splits/raw_images/7iii24/TIF/NP22KY_X012_B3_R.tif,images/np22ky_x012_b3_r.tif,1,1,marked_tiff,0.0,2142.5,own_bar,1,,PINETUM,splits_PIN,NP22KY_X012,3,1
np22ky_x012_b5_l,NP22KY_X012_B5,L,splits,7iii24,../splits/raw_images/7iii24/TIF/NP22KY_X012_B5_L.tif,images/np22ky_x012_b5_l.tif,0,1,marked_tiff,0.0,2142.5,own_bar,1,,PINETUM,splits_PIN,NP22KY_X012,3,1
np22ky_x012_b7_r,NP22KY_X012_B7,R,splits,7iii24,../splits/raw_images/7iii24/TIF/NP22KY_X012_B7_R.tif,images/np22ky_x012_b7_r.tif,1,1,marked_tiff,0.0,2142.5,own_bar,1,,PINETUM,splits_PIN,NP22KY_X012,3,1
np22ky_x012_b9_r,NP22KY_X012_B9,R,splits,7iii24,../splits/raw_images/7iii24/TIF/NP22KY_X012_B9_R.tif,images/np22ky_x012_b9_r.tif,1,1,marked_tiff,0.0,2142.5,own_bar,1,,PINETUM,splits_PIN,NP22KY_X012,3,1
np22ky_x014_a11_r,NP22KY_X014_A11,R,splits,7iii24,../splits/raw_images/7iii24/TIF/NP22KY_X014_A11_R.tif,images/np22ky_x014_a11_r.tif,1,1,marked_tiff,0.0,2142.5,own_bar,1,,PINETUM,splits_PIN,NP22KY_X014,3,1
np22ky_x014_a12_l,NP22KY_X014_A12,L,splits,7iii24,../splits/raw_images/7iii24/TIF/NP22KY_X014_A12_L.tif,images/np22ky_x014_a12_l.tif,0,1,marked_tiff,0.0,2142.5,own_bar,1,,PINETUM,splits_PIN,NP22KY_X014,3,1
np22ky_x014_a6_r,NP22KY_X014_A6,R,splits,7iii24,../splits/raw_images/7iii24/TIF/NP22KY_X014_A6_R.tif,images/np22ky_x014_a6_r.tif,1,1,marked_tiff,0.0,2142.5,own_bar,1,,PINETUM,splits_PIN,NP22KY_X014,3,1
np22ky_x014_a7_r,NP22KY_X014_A7,R,splits,7iii24,../splits/raw_images/7iii24/TIF/NP22KY_X014_A7_R.tif,images/np22ky_x014_a7_r.tif,1,1,marked_tiff,0.0,2142.5,own_bar,1,,PINETUM,splits_PIN,NP22KY_X014,3,1
np22ky_x014_a9_l,NP22KY_X014_A9,L,splits,7iii24,../splits/raw_images/7iii24/TIF/NP22KY_X014_A9_L.tif,images/np22ky_x014_a9_l.tif,0,1,marked_tiff,0.0,2142.5,own_bar,1,,PINETUM,splits_PIN,NP22KY_X014,3,1
np22ky_x014_b13_l,NP22KY_X014_B13,L,splits,7iii24,../splits/raw_images/7iii24/TIF/NP22KY_X014_B13_L.tif,images/np22ky_x014_b13_l.tif,0,1,marked_tiff,0.0,2142.5,own_bar,1,,PINETUM,splits_PIN,NP22KY_X014,3,1
np22ky_x014_b18_l,NP22KY_X014_B18,L,splits,7iii24,../splits/raw_images/7iii24/TIF/NP22KY_X014_B18_L.tif,images/np22ky_x014_b18_l.tif,0,1,marked_tiff,0.0,2142.5,own_bar,1,,PINETUM,splits_PIN,NP22KY_X014,3,1
np22ky_x014_b20_r,NP22KY_X014_B20,R,splits,7iii24,../splits/raw_images/7iii24/TIF/NP22KY_X014_B20_R.tif,images/np22ky_x014_b20_r.tif,1,1,marked_tiff,0.0,2142.5,own_bar,1,,PINETUM,splits_PIN,NP22KY_X014,3,1
np22ky_x014_b7_r,NP22KY_X014_B7,R,splits,7iii24,../splits/raw_images/7iii24/TIF/NP22KY_X014_B7_R.tif,images/np22ky_x014_b7_r.tif,1,1,marked_tiff,0.0,2142.5,own_bar,1,,PINETUM,splits_PIN,NP22KY_X014,3,1
np22ky_x017_b24_l,NP22KY_X017_B24,L,splits,7iii24,../splits/raw_images/7iii24/TIF/NP22KY_X017_B24_L.tif,images/np22ky_x017_b24_l.tif,0,1,marked_tiff,0.0,2140.0,own_bar,1,,PINETUM,splits_PIN,NP22KY_X017,2,0
np22ky_x017_b9_l,NP22KY_X017_B9,L,splits,7iii24,../splits/raw_images/7iii24/TIF/NP22KY_X017_B9_L.tif,images/np22ky_x017_b9_l.tif,0,1,marked_tiff,0.0,2142.5,own_bar,1,,PINETUM,splits_PIN,NP22KY_X017,2,1
np22ky_x012_a4_l,NP22Ky_X012_A4,L,splits,7iii24,../splits/raw_images/7iii24/TIF/NP22Ky_X012_A4_L.tif,images/np22ky_x012_a4_l.tif,0,1,marked_tiff,0.0,2142.5,own_bar,1,,PINETUM,splits_PIN,NP22KY_X012,3,1
