ID,species,host,treatment,colony,population,note
AG021,LECONTEI,loblolly,W,,Central,not in the PRIME tables; entered by hand 2026-09-28
NL22NE_X002_B15,,white,B,,,not in the PRIME tables; entered by hand 2026-09-28
NL22NE_X002_B5,,white,B,,,not in the PRIME tables; entered by hand 2026-09-28
NL22NE_X011_A20,,virginia,A,,,not in the PRIME tables; entered by hand 2026-09-28
NL22NE_X012_A27,,virginia,A,,,not in the PRIME tables; entered by hand 2026-09-28
NL23KY_X041_A4,,virginia,A,,,not in the PRIME tables; entered by hand 2026-09-28
NP085_F2,PINETUM,white,W,,,not in the PRIME tables; entered by hand 2026-09-28
NP125_F3,PINETUM,white,W,,,not in the PRIME tables; entered by hand 2026-09-28
NP184_F1,PINETUM,white,W,,,not in the PRIME tables; entered by hand 2026-09-28
NP191_F1,,white,W,,,not in the PRIME tables; entered by hand 2026-09-28
NP193_F13,,white,W,,,not in the PRIME tables; entered by hand 2026-09-28
NP195_F,,white,W,,,not in the PRIME tables; entered by hand 2026-09-28
NP22KY_X014_B20,,white,B,,,not in the PRIME tables; entered by hand 2026-09-28
NP23KY_X032_B6,,white,B,,,not in the PRIME tables; entered by hand 2026-09-28
NP23KY_X035_B9,,white,B,,,not in the PRIME tables; entered by hand 2026-09-28
NP23KY_X046_A5,,virginia,A,,,not in the PRIME tables; entered by hand 2026-09-28
NP23KY_X046_A8,,virginia,A,,,not in the PRIME tables; entered by hand 2026-09-28
NP24KY_X084_B9,,white,B,,,not in the PRIME tables; entered by hand 2026-09-28
RB007_F7,,white,W,,,not in the PRIME tables; entered by hand 2026-09-28
RB017_F1,,dwarf_mountain,W,,,not in the PRIME tables; entered by hand 2026-09-28
RB017_F3,,dwarf_mountain,W,,,not in the PRIME tables; entered by hand 2026-09-28
RB017_F7,,dwarf_mountain,W,,,not in the PRIME tables; entered by hand 2026-09-28
RB017_F9,,dwarf_mountain,W,,,not in the PRIME tables; entered by hand 2026-09-28
RB025_F2,,dwarf_mountain,W,,,not in the PRIME tables; entered by hand 2026-09-28
RB029_F1,LECONTEI,scots,W,,North,not in the PRIME tables; entered by hand 2026-09-28
RIB_X011_F,PINETUM,white,W,,,not in the PRIME tables; entered by hand 2026-09-28
