key,flags,label_gap_um,source,overlay,decision,note
rb017_g0_f7_r,label_gap;order;shape,26.4,oof_f0,output/overlays/rb017_g0_f7_r.jpg,drop,
rb025_f2_l,label_gap,18.7,oof_f2,output/overlays/rb025_f2_l.jpg,drop,
rb025_f1_l,label_gap;shape,10.4,oof_f2,output/overlays/rb025_f1_l.jpg,drop,
rb029_f1_r,label_gap,45.8,oof_f4,output/overlays/rb029_f1_r.jpg,drop,
nl069_f2_l,label_gap,21.4,oof_f3,output/overlays/nl069_f2_l.jpg,drop,
np190_f4_l,label_gap,15.1,oof_f3,output/overlays/np190_f4_l.jpg,drop,
rb414_f11_l,label_gap,13.0,oof_f3,output/overlays/rb414_f11_l.jpg,drop,
ag078_f3_r,label_gap,12.5,oof_f1,output/overlays/ag078_f3_r.jpg,drop,
nl078_f1_r,label_gap,16.4,oof_f1,output/overlays/nl078_f1_r.jpg,drop,
np193_f13_r,label_gap,22.1,oof_f2,output/overlays/np193_f13_r.jpg,drop,
rid_x056_f_r,label_gap,18.3,oof_f0,output/overlays/rid_x056_f_r.jpg,drop,
nl23ky_x035_a21_r,label_gap,10.4,oof_f1,output/overlays/nl23ky_x035_a21_r.jpg,drop,
nl23ky_x041_a4_l,label_gap;shape,26.1,oof_f4,output/overlays/nl23ky_x041_a4_l.jpg,drop,
np23ky_x032_b6_l,shape,8.7,oof_f4,output/overlays/np23ky_x032_b6_l.jpg,drop,
np23ky_x046_a8_r,spread;shape,,ensemble,output/overlays/np23ky_x046_a8_r.jpg,drop,
ne_x012_b12_l,label_gap,10.5,oof_f3,output/overlays/ne_x012_b12_l.jpg,drop,
nl22ne_x002_b15_l,label_gap,10.7,oof_f0,output/overlays/nl22ne_x002_b15_l.jpg,drop,
ne_x012_b13_r,label_gap,12.6,oof_f3,output/overlays/ne_x012_b13_r.jpg,drop,
np23ky_x035_b9_r,shape;no_scale,,ensemble,output/overlays/np23ky_x035_b9_r.jpg,drop,
np23ky_x046_a5_r,shape,,ensemble,output/overlays/np23ky_x046_a5_r.jpg,drop,
np24ky_x084_a25_l,shape,6.8,oof_f0,output/overlays/np24ky_x084_a25_l.jpg,drop,
nex006_a4_r,label_gap,11.1,oof_f4,output/overlays/nex006_a4_r.jpg,drop,
nl22ne_x012_a9_r_v2,label_gap,14.0,oof_f3,output/overlays/nl22ne_x012_a9_r_v2.jpg,drop,
np22ky_x014_b20_r,label_gap,13.2,oof_f3,output/overlays/np22ky_x014_b20_r.jpg,drop,
np22ky_x017_b24_l,spread,,ensemble,output/overlays/np22ky_x017_b24_l.jpg,drop,
