group,angle,key,marked_tiff,txt,raw_image,raw_group,n_expected,n_found,landmark_source,image_width,image_height,landmarks_px_json,flags
F1,Bottom,rx008-v3_b,../marked_images/landmarked_f1/marked_tiff/bottom/RX008-V3_B_MARK.tif,../marked_images/landmarked_f1/txt/bottom/RX008-V3_B.txt,,,17,17,roi,3840,2160,"[[2520.0, 1015.0], [2331.5, 1019.5], [2271.5, 1020.5], [2209.5, 1022.5], [2144.5, 1021.5], [2333.833251953125, 1082.5], [2307.166748046875, 1079.1666259765625], [2252.166748046875, 1075.8333740234375], [2196.833251953125, 1082.1666259765625], [2254.5, 1091.1666259765625], [2312.833251953125, 1093.8333740234375], [2334.5, 1098.5], [2448.166748046875, 1160.1666259765625], [2333.833251953125, 1146.5], [2280.833251953125, 1149.8333740234375], [2219.166748046875, 1157.1666259765625], [2152.166748046875, 1153.1666259765625]]",no_raw_match
F1,Right,rx001-v5_r,../marked_images/landmarked_f1/marked_tiff/right/RX001-V5_R_MARK.tif,../marked_images/landmarked_f1/txt/right/RX001-V5_R.txt,../raw_images/f1/RX001-V5_R.tif,F1,36,36,roi,3840,2160,"[[1372.0, 925.0], [1350.8333740234375, 1120.8333740234375], [1506.8333740234375, 1222.1666259765625], [1753.5, 1184.8333740234375], [1882.833251953125, 1195.5], [1995.5, 1204.5], [2074.5, 1220.5], [2143.5, 1226.5], [2205.5, 1235.5], [2280.166748046875, 1235.8333740234375], [2385.0, 1199.5], [2480.5, 1130.5], [2532.5, 1044.5], [1843.8333740234375, 1061.8333740234375], [1897.166748046875, 1100.5], [1961.166748046875, 1096.5], [2001.166748046875, 1141.8333740234375], [2058.166748046875, 1125.8333740234375], [2092.833251953125, 1169.8333740234375], [2136.833251953125, 1139.8333740234375], [2153.5, 1183.8333740234375], [2196.833251953125, 1145.1666259765625], [2226.833251953125, 1172.5], [2284.833251953125, 1206.5], [2291.5, 1112.5], [2356.5, 1167.5], [2419.0, 1101.5], [2463.0, 1044.0], [1643.8333740234375, 947.8333129882812], [1640.5, 879.8333129882812], [1841.8333740234375, 989.8333129882812], [1959.166748046875, 1028.5], [2056.5, 1049.1666259765625], [2131.833251953125, 1056.5], [2194.5, 1060.5], [2287.833251953125, 1061.1666259765625]]",duplicate_txt_identical
F1,Right,rx001-v6_r,../marked_images/landmarked_f1/marked_tiff/right/RX001-V6_R_MARK.tif,../marked_images/landmarked_f1/txt/right/RX001-V6_R.txt,../raw_images/f1/RX001-V6_R.tif,F1,36,36,roi,3840,2160,"[[1386.0, 904.0], [1354.5, 1134.5], [1525.5, 1236.5], [1735.8333740234375, 1200.8333740234375], [1868.5, 1206.1666259765625], [1979.833251953125, 1213.5], [2067.166748046875, 1223.5], [2131.166748046875, 1233.5], [2192.5, 1242.1666259765625], [2252.5, 1244.5], [2356.0, 1210.5], [2454.5, 1142.5], [2509.5, 1051.0], [1836.5, 1047.1666259765625], [1901.166748046875, 1092.5], [1951.833251953125, 1094.5], [1993.166748046875, 1137.1666259765625], [2041.833251953125, 1120.5], [2070.5, 1171.1666259765625], [2117.833251953125, 1137.1666259765625], [2137.166748046875, 1187.8333740234375], [2183.833251953125, 1147.1666259765625], [2207.833251953125, 1176.5], [2252.5, 1216.5], [2273.166748046875, 1115.1666259765625], [2336.0, 1175.0], [2394.0, 1110.0], [2446.0, 1043.5], [1648.5, 933.8333129882812], [1642.5, 869.1666870117188], [1832.0, 982.0], [1947.0, 1023.5], [2038.0, 1043.0], [2112.5, 1051.8333740234375], [2179.166748046875, 1057.1666259765625], [2271.166748046875, 1062.5]]",duplicate_txt_identical
F1,Right,rx001-v8_r,../marked_images/landmarked_f1/marked_tiff/right/RX001-V8_R_MARK.tif,../marked_images/landmarked_f1/txt/right/RX001-V8_R.txt,../raw_images/f1/RX001-V8_R.tif,F1,36,36,roi,3840,2160,"[[1392.0, 912.0], [1369.5, 1125.5], [1548.5, 1217.5], [1755.8333740234375, 1185.5], [1875.1666259765625, 1194.1666259765625], [1979.833251953125, 1206.8333740234375], [2067.166748046875, 1220.1666259765625], [2133.5, 1227.5], [2204.5, 1228.5], [2268.5, 1230.5], [2375.0, 1198.5], [2466.5, 1135.5], [2527.5, 1052.5], [1840.1666259765625, 1042.5], [1901.5, 1095.8333740234375], [1954.833251953125, 1089.8333740234375], [1994.166748046875, 1140.5], [2050.833251953125, 1117.1666259765625], [2079.5, 1175.8333740234375], [2125.5, 1135.1666259765625], [2143.5, 1190.5], [2201.5, 1141.8333740234375], [2223.5, 1171.1666259765625], [2270.166748046875, 1201.8333740234375], [2278.833251953125, 1107.8333740234375], [2356.5, 1167.5], [2422.5, 1107.0], [2468.5, 1036.5], [1647.5, 936.5], [1644.8333740234375, 870.5], [1832.8333740234375, 975.8333129882812], [1948.166748046875, 1018.5], [2042.833251953125, 1037.1666259765625], [2118.5, 1047.5], [2194.5, 1051.5], [2278.5, 1054.5]]",duplicate_txt_identical
F1,Right,rx004-v1_r,../marked_images/landmarked_f1/marked_tiff/right/RX004-V1_R_MARK.tif,../marked_images/landmarked_f1/txt/right/RX004-V1_R.txt,../raw_images/f1/RX004-V1_R.tif,F1,36,36,roi,3840,2160,"[[1352.0, 888.0], [1339.5, 1109.5], [1506.5, 1219.5], [1722.5, 1190.5], [1857.5, 1191.5], [1971.5, 1203.5], [2068.5, 1227.5], [2132.5, 1230.5], [2206.5, 1233.5], [2276.5, 1233.5], [2388.5, 1196.1666259765625], [2474.5, 1132.5], [2539.5, 1048.5], [1835.1666259765625, 1040.1666259765625], [1900.5, 1089.5], [1960.5, 1086.1666259765625], [1999.166748046875, 1134.1666259765625], [2057.166748046875, 1115.5], [2082.5, 1159.5], [2134.5, 1131.5], [2157.5, 1174.5], [2213.166748046875, 1138.8333740234375], [2235.166748046875, 1164.1666259765625], [2281.833251953125, 1204.1666259765625], [2286.5, 1102.1666259765625], [2364.5, 1154.1666259765625], [2422.5, 1098.1666259765625], [2470.5, 1039.5], [1633.0, 927.0], [1628.5, 859.5], [1831.5, 966.8333129882812], [1956.5, 1008.5], [2048.5, 1027.5], [2128.5, 1041.5], [2208.5, 1050.5], [2286.166748046875, 1054.5]]",duplicate_txt_identical
F1,Right,rx005-v1_r,../marked_images/landmarked_f1/marked_tiff/right/RX005-V1_R_MARK.tif,../marked_images/landmarked_f1/txt/right/RX005-V1_R.txt,../raw_images/f1/RX005-V1_R.tif,F1,36,36,roi,3840,2160,"[[1380.0, 892.0], [1348.1666259765625, 1094.1666259765625], [1517.5, 1211.5], [1741.5, 1191.5], [1865.5, 1192.8333740234375], [1972.166748046875, 1202.1666259765625], [2060.166748046875, 1218.1666259765625], [2126.833251953125, 1222.1666259765625], [2181.5, 1226.1666259765625], [2244.166748046875, 1229.8333740234375], [2350.166748046875, 1199.1666259765625], [2440.16650390625, 1133.1666259765625], [2496.16650390625, 1047.8333740234375], [1846.5, 1024.5], [1897.5, 1082.5], [1954.5, 1075.5], [1994.5, 1131.5], [2037.5, 1105.5], [2067.5, 1154.5], [2113.5, 1123.5], [2130.5, 1171.5], [2174.5, 1132.5], [2197.5, 1157.5], [2241.5, 1203.5], [2258.5, 1110.5], [2325.5, 1163.5], [2390.5, 1100.5], [2427.5, 1037.0], [1649.5, 911.1666870117188], [1647.5, 843.8333129882812], [1844.5, 960.0], [1949.5, 1001.5], [2036.0, 1022.0], [2110.5, 1037.0], [2167.5, 1041.1666259765625], [2255.166748046875, 1047.1666259765625]]",duplicate_txt_identical
F1,Right,rx005-v2_r,../marked_images/landmarked_f1/marked_tiff/right/RX005-V2_R_MARK.tif,../marked_images/landmarked_f1/txt/right/RX005-V2_R.txt,../raw_images/f1/RX005-V2_R.tif,F1,36,36,roi,3840,2160,"[[1391.1666259765625, 899.5], [1355.1666259765625, 1135.5], [1516.5, 1224.8333740234375], [1759.5, 1192.5], [1882.5, 1198.5], [1993.5, 1203.5], [2081.5, 1217.5], [2156.5, 1224.5], [2227.5, 1230.5], [2297.0, 1232.5], [2409.5, 1205.8333740234375], [2505.5, 1145.1666259765625], [2572.83349609375, 1047.8333740234375], [1860.1666259765625, 1043.1666259765625], [1928.833251953125, 1089.8333740234375], [1992.166748046875, 1085.1666259765625], [2028.833251953125, 1139.8333740234375], [2088.833251953125, 1118.5], [2110.833251953125, 1168.5], [2165.5, 1131.8333740234375], [2184.833251953125, 1179.8333740234375], [2234.5, 1144.5], [2264.5, 1159.5], [2303.5, 1205.5], [2311.0, 1107.0], [2390.5, 1169.5], [2453.0, 1104.0], [2511.5, 1036.5], [1665.1666259765625, 924.1666870117188], [1661.8333740234375, 861.5], [1853.1666259765625, 966.8333129882812], [1987.166748046875, 1008.8333129882812], [2083.166748046875, 1030.8333740234375], [2159.166748046875, 1042.1666259765625], [2230.5, 1049.5], [2308.5, 1053.5]]",duplicate_txt_identical
F1,Right,rx006-v1_r,../marked_images/landmarked_f1/marked_tiff/right/RX006-V1_R_MARK.tif,../marked_images/landmarked_f1/txt/right/RX006-V1_R.txt,../raw_images/f1/RX006-V1_R.tif,F1,36,36,roi,3840,2160,"[[1390.0, 880.0], [1360.8333740234375, 1120.1666259765625], [1535.5, 1238.8333740234375], [1757.8333740234375, 1193.5], [1873.833251953125, 1189.5], [1976.5, 1197.5], [2059.166748046875, 1213.5], [2139.166748046875, 1212.1666259765625], [2193.833251953125, 1216.1666259765625], [2260.5, 1220.5], [2370.5, 1188.5], [2455.5, 1119.5], [2513.5, 1037.5], [1842.5, 1026.5], [1902.5, 1068.5], [1953.5, 1065.5], [1995.5, 1114.5], [2043.5, 1095.5], [2072.5, 1143.5], [2115.5, 1111.5], [2141.5, 1163.5], [2182.5, 1123.5], [2207.5, 1155.5], [2259.5, 1198.1666259765625], [2264.833251953125, 1092.8333740234375], [2343.5, 1156.0], [2403.5, 1092.5], [2444.83349609375, 1027.1666259765625], [1677.5, 917.5], [1675.5, 852.8333129882812], [1840.1666259765625, 952.8333129882812], [1948.166748046875, 994.1666870117188], [2036.833251953125, 1018.8333129882812], [2112.166748046875, 1032.8333740234375], [2177.0, 1039.5], [2261.0, 1044.0]]",duplicate_txt_identical
F1,Right,rx006-v2_r,../marked_images/landmarked_f1/marked_tiff/right/RX006-V2_R_MARK.tif,../marked_images/landmarked_f1/txt/right/RX006-V2_R.txt,../raw_images/f1/RX006-V2_R.tif,F1,36,36,roi,3840,2160,"[[1372.0, 936.0], [1344.8333740234375, 1150.8333740234375], [1491.5, 1217.5], [1729.5, 1177.5], [1861.5, 1183.5], [1966.5, 1197.5], [2066.5, 1209.5], [2136.5, 1215.5], [2219.5, 1223.5], [2278.5, 1220.8333740234375], [2391.83349609375, 1193.5], [2487.83349609375, 1132.1666259765625], [2556.5, 1052.1666259765625], [1838.1666259765625, 1053.5], [1913.5, 1102.8333740234375], [1966.166748046875, 1084.1666259765625], [2008.833251953125, 1137.5], [2066.166748046875, 1112.8333740234375], [2088.5, 1161.5], [2145.166748046875, 1130.1666259765625], [2163.5, 1177.1666259765625], [2217.833251953125, 1133.8333740234375], [2238.5, 1170.8333740234375], [2284.5, 1198.75], [2289.166748046875, 1114.5], [2362.5, 1155.1666259765625], [2431.83349609375, 1095.1666259765625], [2486.5, 1045.8333740234375], [1651.8333740234375, 946.8333129882812], [1651.8333740234375, 888.1666870117188], [1833.8333740234375, 980.8333129882812], [1965.166748046875, 1024.1666259765625], [2061.166748046875, 1044.1666259765625], [2143.166748046875, 1053.8333740234375], [2213.0, 1059.5], [2285.5, 1062.0]]",duplicate_txt_identical
F1,Right,rx006-v3_r,../marked_images/landmarked_f1/marked_tiff/right/RX006-V3_R_MARK.tif,../marked_images/landmarked_f1/txt/right/RX006-V3_R.txt,../raw_images/f1/RX006-V3_R.tif,F1,36,36,roi,3840,2160,"[[1373.0, 877.0], [1343.5, 1122.1666259765625], [1547.5, 1211.5], [1743.5, 1190.1666259765625], [1880.833251953125, 1196.8333740234375], [1987.5, 1208.8333740234375], [2079.166748046875, 1224.1666259765625], [2150.5, 1231.5], [2219.166748046875, 1236.8333740234375], [2284.166748046875, 1235.1666259765625], [2397.16650390625, 1198.8333740234375], [2488.5, 1134.1666259765625], [2547.16650390625, 1045.5], [1861.0, 1035.0], [1916.0, 1086.0], [1970.0, 1083.5], [2015.0, 1132.0], [2063.5, 1114.5], [2096.833251953125, 1170.5], [2147.5, 1133.8333740234375], [2168.166748046875, 1179.1666259765625], [2212.833251953125, 1137.8333740234375], [2236.166748046875, 1170.5], [2288.166748046875, 1201.8333740234375], [2290.5, 1107.8333740234375], [2372.5, 1163.5], [2440.5, 1097.0], [2486.5, 1035.0], [1666.5, 919.5], [1664.5, 861.0], [1859.5, 972.5], [1963.5, 1012.0], [2054.5, 1035.0], [2137.5, 1048.5], [2204.0, 1053.0], [2287.166748046875, 1055.8333740234375]]",duplicate_txt_identical
F1,Right,rx008-v2_r,../marked_images/landmarked_f1/marked_tiff/right/RX008-V2_R_MARK.tif,../marked_images/landmarked_f1/txt/right/RX008-V2_R.txt,../raw_images/f1/RX008-V2_R.tif,F1,36,36,roi,3840,2160,"[[1399.0, 922.0], [1376.1666259765625, 1107.5], [1533.5, 1212.8333740234375], [1734.5, 1184.5], [1865.5, 1185.5], [1966.5, 1197.5], [2055.5, 1206.5], [2124.5, 1215.5], [2189.5, 1220.5], [2256.166748046875, 1225.8333740234375], [2368.166748046875, 1185.8333740234375], [2454.83349609375, 1121.8333740234375], [2515.5, 1031.8333740234375], [1832.5, 1027.5], [1896.5, 1078.5], [1949.5, 1077.5], [1986.5, 1118.5], [2039.5, 1099.5], [2069.5, 1150.5], [2113.5, 1117.5], [2135.5, 1162.5], [2181.5, 1131.1666259765625], [2206.833251953125, 1170.5], [2258.833251953125, 1194.5], [2264.833251953125, 1088.5], [2346.166748046875, 1146.5], [2407.5, 1089.1666259765625], [2453.5, 1023.1666870117188], [1676.8333740234375, 929.5], [1676.8333740234375, 881.5], [1826.1666259765625, 960.1666870117188], [1941.5, 1002.8333129882812], [2034.166748046875, 1024.8333740234375], [2108.833251953125, 1034.8333740234375], [2176.166748046875, 1039.8333740234375], [2261.166748046875, 1043.1666259765625]]",duplicate_txt_identical
F1,Right,rx008-v3_r,../marked_images/landmarked_f1/marked_tiff/right/RX008-V3_R_MARK.tif,../marked_images/landmarked_f1/txt/right/RX008-V3_R.txt,../raw_images/f1/RX008-V3_R.tif,F1,36,36,roi,3840,2160,"[[1351.0, 900.0], [1340.5, 1126.8333740234375], [1501.8333740234375, 1204.1666259765625], [1736.5, 1165.5], [1868.5, 1172.1666259765625], [1972.5, 1188.1666259765625], [2057.5, 1193.5], [2123.5, 1200.5], [2201.5, 1209.5], [2259.166748046875, 1206.1666259765625], [2365.5, 1175.8333740234375], [2474.83349609375, 1110.5], [2540.0, 1020.0], [1820.5, 1016.5], [1893.5, 1077.5], [1952.5, 1070.5], [1989.5, 1116.5], [2040.5, 1089.5], [2071.5, 1147.5], [2123.5, 1107.5], [2154.5, 1145.5], [2189.5, 1117.5], [2216.5, 1137.5], [2263.5, 1178.8333740234375], [2279.5, 1079.1666259765625], [2345.5, 1137.8333740234375], [2422.16650390625, 1075.1666259765625], [2474.5, 1011.0], [1628.0, 909.0], [1626.0, 856.5], [1816.8333740234375, 955.5], [1947.5, 998.5], [2033.0, 1014.0], [2116.0, 1025.0], [2184.5, 1028.8333740234375], [2275.833251953125, 1028.1666259765625]]",duplicate_txt_identical
F1,Right,rx008-v4_r,../marked_images/landmarked_f1/marked_tiff/right/RX008-V4_R_MARK.tif,../marked_images/landmarked_f1/txt/right/RX008-V4_R.txt,../raw_images/f1/RX008-V4_R.tif,F1,36,36,roi,3840,2160,"[[1396.0, 945.0], [1388.5, 1142.5], [1549.5, 1209.5], [1751.1666259765625, 1181.5], [1874.8333740234375, 1191.8333740234375], [1974.833251953125, 1201.8333740234375], [2068.833251953125, 1215.1666259765625], [2134.833251953125, 1226.5], [2208.166748046875, 1237.1666259765625], [2277.833251953125, 1235.5], [2376.5, 1202.5], [2463.5, 1148.5], [2518.5, 1070.5], [1838.5, 1052.1666259765625], [1907.833251953125, 1103.5], [1962.5, 1098.8333740234375], [2003.833251953125, 1142.1666259765625], [2051.166748046875, 1127.5], [2084.5, 1170.1666259765625], [2127.833251953125, 1147.5], [2156.5, 1186.1666259765625], [2198.5, 1158.1666259765625], [2224.5, 1187.5], [2275.166748046875, 1209.5], [2278.5, 1114.5], [2356.5, 1171.5], [2407.5, 1118.5], [2453.5, 1063.5], [1658.5, 954.0], [1655.0, 885.5], [1834.8333740234375, 984.1666870117188], [1958.5, 1022.5], [2050.166748046875, 1047.5], [2127.5, 1058.5], [2197.5, 1066.5], [2275.833251953125, 1070.1666259765625]]",duplicate_txt_identical
F1,Right,rx009-v4_r,../marked_images/landmarked_f1/marked_tiff/right/RX009-V4_R_MARK.tif,../marked_images/landmarked_f1/txt/right/RX009-V4_R.txt,../raw_images/f1/RX009-V4_R.tif,F1,36,36,roi,3840,2160,"[[1384.0, 902.0], [1343.5, 1076.8333740234375], [1480.8333740234375, 1204.8333740234375], [1721.5, 1176.5], [1849.5, 1187.5], [1975.5, 1200.5], [2069.5, 1209.5], [2126.5, 1214.5], [2201.5, 1214.5], [2262.833251953125, 1222.1666259765625], [2375.5, 1184.0], [2465.5, 1119.5], [2534.83349609375, 1038.1666259765625], [1838.5, 1031.5], [1902.5, 1084.5], [1957.5, 1081.5], [2000.5, 1123.5], [2048.5, 1103.5], [2085.5, 1145.5], [2131.5, 1118.8333740234375], [2147.5, 1168.1666259765625], [2202.166748046875, 1125.5], [2232.166748046875, 1150.8333740234375], [2266.166748046875, 1193.5], [2283.5, 1098.1666259765625], [2351.0, 1148.0], [2416.0, 1087.0], [2471.0, 1028.5], [1661.5, 930.5], [1658.0, 892.0], [1836.1666259765625, 971.5], [1954.0, 1009.75], [2046.5, 1030.0], [2129.5, 1041.5], [2197.5, 1045.5], [2281.0, 1049.0]]",duplicate_txt_identical
F1,Right,rx009-v9_r,../marked_images/landmarked_f1/marked_tiff/right/RX009-V9_R_MARK.tif,../marked_images/landmarked_f1/txt/right/RX009-V9_R.txt,../raw_images/f1/RX009-V9_R.tif,F1,36,36,roi,3840,2160,"[[1288.0, 920.0], [1266.8333740234375, 1071.5], [1457.5, 1173.5], [1601.5, 1160.5], [1726.5, 1162.5], [1844.0, 1179.0], [1912.5, 1186.5], [1969.5, 1189.5], [2031.5, 1200.5], [2095.833251953125, 1205.8333740234375], [2211.5, 1187.5], [2307.5, 1130.1666259765625], [2370.83349609375, 1050.8333740234375], [1703.8333740234375, 1019.1666870117188], [1765.8333740234375, 1065.8333740234375], [1817.166748046875, 1065.1666259765625], [1849.833251953125, 1105.1666259765625], [1898.5, 1090.5], [1926.5, 1139.8333740234375], [1973.833251953125, 1106.5], [1982.5, 1163.1666259765625], [2033.833251953125, 1119.1666259765625], [2063.833251953125, 1140.5], [2100.5, 1180.5], [2106.5, 1091.1666259765625], [2190.5, 1146.8333740234375], [2256.5, 1092.8333740234375], [2300.5, 1042.1666259765625], [1542.8333740234375, 912.5], [1540.8333740234375, 844.5], [1696.5, 940.0], [1812.5, 986.0], [1890.5, 1009.0], [1964.0, 1026.5], [2025.5, 1036.0], [2104.0, 1043.0]]",duplicate_txt_identical
F1,Right,rx010-v1_r,../marked_images/landmarked_f1/marked_tiff/right/RX010-V1_R_MARK.tif,../marked_images/landmarked_f1/txt/right/RX010-V1_R.txt,../raw_images/f1/RX010-V1_R.tif,F1,36,36,roi,3840,2160,"[[1398.5, 867.5], [1374.5, 1105.5], [1531.5, 1220.5], [1735.5, 1197.5], [1858.5, 1199.5], [1956.833251953125, 1204.8333740234375], [2054.166748046875, 1220.8333740234375], [2132.833251953125, 1231.5], [2199.5, 1242.1666259765625], [2263.5, 1241.5], [2377.5, 1207.0], [2468.0, 1139.0], [2531.0, 1051.0], [1851.8333740234375, 1029.5], [1899.833251953125, 1074.8333740234375], [1958.166748046875, 1070.8333740234375], [1992.833251953125, 1116.1666259765625], [2048.166748046875, 1106.8333740234375], [2075.5, 1152.1666259765625], [2124.833251953125, 1123.5], [2146.833251953125, 1174.8333740234375], [2193.5, 1129.5], [2219.5, 1159.5], [2268.833251953125, 1208.1666259765625], [2273.5, 1096.1666259765625], [2352.0, 1164.0], [2408.0, 1105.5], [2453.5, 1040.5], [1672.1666259765625, 915.5], [1663.5, 844.8333129882812], [1848.8333740234375, 960.8333129882812], [1952.833251953125, 999.5], [2042.0, 1025.0], [2116.0, 1038.0], [2185.0, 1045.0], [2268.5, 1047.5]]",duplicate_txt_identical
F1,Right,rx010-v2_r,../marked_images/landmarked_f1/marked_tiff/right/RX010-V2_R_MARK.tif,../marked_images/landmarked_f1/txt/right/RX010-V2_R.txt,../raw_images/f1/RX010-V2_R.tif,F1,36,36,roi,3840,2160,"[[1397.5, 920.5], [1341.5, 1084.5], [1459.5, 1198.5], [1703.5, 1180.8333740234375], [1856.833251953125, 1190.1666259765625], [1964.833251953125, 1204.8333740234375], [2059.5, 1218.1666259765625], [2127.5, 1226.1666259765625], [2208.833251953125, 1236.8333740234375], [2280.5, 1241.5], [2398.5, 1211.5], [2492.5, 1156.5], [2575.5, 1072.5], [1858.5, 1039.5], [1907.5, 1091.5], [1960.5, 1083.5], [2007.5, 1135.5], [2062.5, 1117.5], [2090.5, 1173.5], [2146.5, 1138.5], [2155.5, 1193.5], [2211.5, 1149.5], [2241.5, 1180.5], [2286.166748046875, 1217.5], [2292.5, 1125.5], [2365.5, 1169.5], [2447.5, 1111.5], [2498.5, 1059.5], [1672.1666259765625, 941.5], [1668.1666259765625, 869.5], [1852.5, 976.5], [1952.5, 1010.5], [2057.5, 1038.5], [2143.5, 1051.5], [2210.5, 1060.5], [2288.5, 1064.5]]",duplicate_txt_identical
F1,Right,rx010-v3_r,../marked_images/landmarked_f1/marked_tiff/right/RX010-V3_R_MARK.tif,../marked_images/landmarked_f1/txt/right/RX010-V3_R.txt,../raw_images/f1/RX010-V3_R.tif,F1,36,36,roi,3840,2160,"[[1376.0, 892.0], [1354.1666259765625, 1102.5], [1551.5, 1240.5], [1735.5, 1205.1666259765625], [1882.166748046875, 1198.5], [1986.166748046875, 1206.5], [2080.833251953125, 1217.1666259765625], [2143.5, 1230.5], [2214.166748046875, 1241.1666259765625], [2280.833251953125, 1242.5], [2396.83349609375, 1209.8333740234375], [2493.5, 1137.8333740234375], [2561.5, 1041.1666259765625], [1855.5, 1041.5], [1912.5, 1083.5], [1961.5, 1072.5], [2002.5, 1121.5], [2061.5, 1104.5], [2093.5, 1155.5], [2140.5, 1129.5], [2162.5, 1172.5], [2207.5, 1138.5], [2229.5, 1164.5], [2286.5, 1210.1666259765625], [2286.5, 1102.0], [2372.5, 1177.5], [2440.5, 1102.8333740234375], [2494.5, 1028.1666259765625], [1651.1666259765625, 916.1666870117188], [1648.5, 845.5], [1851.8333740234375, 962.1666870117188], [1958.5, 998.8333129882812], [2055.166748046875, 1022.8333129882812], [2137.833251953125, 1037.1666259765625], [2206.5, 1042.0], [2281.5, 1046.0]]",duplicate_txt_identical
F1,Right,rx011-v1_r,../marked_images/landmarked_f1/marked_tiff/right/RX011-V1_R_MARK.tif,../marked_images/landmarked_f1/txt/right/RX011-V1_R.txt,../raw_images/f1/RX011-V1_R.tif,F1,36,36,roi,3840,2160,"[[1355.0, 896.0], [1348.5, 1104.8333740234375], [1532.5, 1214.1666259765625], [1744.5, 1192.8333740234375], [1860.5, 1199.5], [1964.5, 1211.5], [2062.5, 1225.5], [2137.166748046875, 1234.8333740234375], [2214.5, 1235.5], [2275.833251953125, 1238.1666259765625], [2368.5, 1198.8333740234375], [2454.5, 1132.1666259765625], [2499.16650390625, 1053.5], [1839.5, 1040.5], [1891.5, 1087.1666259765625], [1946.833251953125, 1084.5], [1991.5, 1135.8333740234375], [2040.166748046875, 1119.1666259765625], [2074.166748046875, 1171.1666259765625], [2120.166748046875, 1131.1666259765625], [2151.5, 1176.5], [2194.833251953125, 1135.8333740234375], [2220.166748046875, 1168.5], [2275.5, 1207.5], [2264.5, 1109.5], [2343.833251953125, 1167.5], [2397.83349609375, 1101.1666259765625], [2440.5, 1041.8333740234375], [1636.5, 923.5], [1630.5, 850.5], [1833.1666259765625, 970.5], [1938.5, 1009.1666870117188], [2036.0, 1034.0], [2114.5, 1043.0], [2193.5, 1051.5], [2266.5, 1052.5]]",duplicate_txt_identical
LBX,Right,lbx009v09_r,../marked_images/landmarked_lbx/marked_tiff/right/LBX009V09_R_MARK.tif,../marked_images/landmarked_lbx/txt/right/LBX009V09_R.txt,,,36,36,roi,3840,2160,"[[1368.0, 908.0], [1350.5, 1130.1666259765625], [1515.8333740234375, 1230.1666259765625], [1748.5, 1198.5], [1869.5, 1201.5], [1993.5, 1206.5], [2091.5, 1212.5], [2162.5, 1217.5], [2237.5, 1223.5], [2307.0, 1225.5], [2423.5, 1188.8333740234375], [2518.5, 1123.5], [2588.5, 1025.5], [1830.5, 1032.5], [1907.5, 1085.5], [1963.5, 1077.5], [2017.5, 1123.5], [2067.0, 1105.0], [2105.5, 1153.5], [2152.0, 1120.0], [2175.0, 1176.5], [2235.0, 1126.5], [2269.0, 1150.5], [2314.0, 1195.5], [2318.5, 1102.5], [2398.83349609375, 1152.1666259765625], [2474.16650390625, 1084.8333740234375], [2534.83349609375, 1011.5], [1632.1666259765625, 916.8333129882812], [1630.5, 867.5], [1831.5, 969.5], [1962.5, 1011.0], [2065.5, 1026.8333740234375], [2151.5, 1034.1666259765625], [2232.833251953125, 1036.8333740234375], [2316.833251953125, 1034.1666259765625]]",no_raw_match
Non_Laying_Parents,Bottom,np097xnp077-1_b,../marked_images/landmarked_non_laying_parents/marked_tiff/bottom/NP097xNP077-1_B_MARK.tif,../marked_images/landmarked_non_laying_parents/txt/bottom/NP097xNP077-1_B.txt,,,17,17,roi,3840,2160,"[[2481.0, 1050.0], [2338.0, 1044.5], [2266.5, 1038.5], [2204.5, 1030.5], [2136.5, 1024.5], [2305.75, 1095.25], [2296.25, 1091.75], [2237.0, 1082.5], [2191.75, 1087.0], [2235.75, 1096.0], [2284.0, 1100.25], [2305.666748046875, 1097.5416259765625], [2417.5, 1120.5], [2325.0, 1129.5], [2262.5, 1135.5], [2203.5, 1140.0], [2145.5, 1144.5]]",no_raw_match
Non_Laying_Parents,Bottom,px013xnp060-v4_b,../marked_images/landmarked_non_laying_parents/marked_tiff/bottom/PX013xNP060-V4_B_MARK.tif,../marked_images/landmarked_non_laying_parents/txt/bottom/PX013xNP060-V4_B.txt,,,17,17,roi,3840,2160,"[[2492.5, 1041.5], [2281.5, 1041.5], [2204.5, 1039.5], [2133.5, 1033.5], [2067.5, 1028.5], [2323.25, 1100.5], [2230.0, 1095.0], [2162.0, 1092.5], [2139.833251953125, 1098.1666259765625], [2165.166748046875, 1101.5], [2231.833251953125, 1105.5], [2324.0, 1113.75], [2426.833251953125, 1147.5], [2284.166748046875, 1149.5], [2203.5, 1151.5], [2140.833251953125, 1160.1666259765625], [2075.5, 1158.1666259765625]]",no_raw_match
Non_Laying_Parents,Left,ll286xll255-v2_l,../marked_images/landmarked_non_laying_parents/marked_tiff/left/LL286xLL255-V2_L_MARK.tif,../marked_images/landmarked_non_laying_parents/txt/left/LL286xLL255-V2_L.txt,,,32,32,roi,3840,2160,"[[2436.0, 965.0], [2413.5, 1196.5], [2260.5, 1266.5], [2076.5, 1218.5], [1966.5, 1220.5], [1844.5, 1233.5], [1739.5, 1249.5], [1667.5, 1256.5], [1606.8333740234375, 1266.1666259765625], [1515.1666259765625, 1273.5], [1432.0, 1235.5], [1373.5, 1166.5], [1312.0, 1101.5], [1968.833251953125, 1048.1666259765625], [1907.5, 1104.1666259765625], [1848.833251953125, 1101.5], [1808.8333740234375, 1144.1666259765625], [1756.5, 1136.8333740234375], [1723.1666259765625, 1186.1666259765625], [1677.1666259765625, 1154.8333740234375], [1655.1666259765625, 1212.1666259765625], [1607.1666259765625, 1172.1666259765625], [1591.1666259765625, 1230.8333740234375], [1514.1666259765625, 1145.1666259765625], [2156.5, 941.8333129882812], [2155.833251953125, 884.5], [1966.0, 983.5], [1846.833251953125, 1026.5], [1752.1666259765625, 1051.5], [1668.5, 1066.5], [1597.0, 1077.0], [1506.5, 1085.5]]",no_raw_match
PBX,Bottom,pbx002v01_b,../marked_images/landmarked_pbx/marked_tiff/bottom/PBX002V01_B_MARK.tif,../marked_images/landmarked_pbx/txt/bottom/PBX002V01_B.txt,../raw_images/pbx/PBX002V01_B.tif,PBX,17,18,roi,3840,2160,"[[2490.0, 1041.0], [2333.5, 1037.5], [2276.5, 1036.1666259765625], [2210.166748046875, 1026.5], [2148.833251953125, 1020.5], [2324.0, 1077.625], [2302.5, 1067.25], [2253.833251953125, 1063.8333740234375], [2188.25, 1079.75], [2256.166748046875, 1086.8333740234375], [2307.166748046875, 1084.8333740234375], [2324.0, 1078.125], [2433.5, 1115.0], [2337.166748046875, 1118.1666259765625], [2281.83349609375, 1126.1666259765625], [2218.833251953125, 1134.8333740234375], [2154.166748046875, 1140.8333740234375], [1193.5, 887.5]]",n_mismatch_roi:18
PBX,Bottom,pbx005v02_b,,../marked_images/landmarked_pbx/txt/bottom/PBX005V02_B.txt,../raw_images/pbx/PBX005V02_B.tif,PBX,17,17,txt_uncalibrated,,,"[[2.7023, 1.1273], [2.5439, 1.1275], [2.4824, 1.1257], [2.4184, 1.1156], [2.3414, 1.1081], [2.4927, 1.178], [2.5198, 1.1753], [2.4576, 1.1699], [2.3839, 1.176], [2.4597, 1.1811], [2.5151, 1.182], [2.493, 1.1788], [2.63, 1.2236], [2.5307, 1.2271], [2.4784, 1.2296], [2.422, 1.2382], [2.3608, 1.2436]]",no_calibration_for_txt_fallback
PBX,Bottom,pbx006v03_ba,../marked_images/landmarked_pbx/marked_tiff/bottom/PBX006V03_Ba_MARK.tif,,,,17,17,roi,3840,2160,"[[2523.0, 1041.0], [2370.5, 1035.5], [2303.0, 1034.0], [2238.5, 1027.0], [2166.5, 1017.0], [2304.0, 1090.0], [2335.5, 1081.5], [2264.5, 1081.5], [2187.0, 1084.5], [2266.5, 1094.0], [2322.5, 1096.5], [2304.0, 1091.0], [2449.0, 1120.5], [2342.0, 1127.5], [2290.5, 1131.5], [2229.0, 1142.0], [2163.0, 1150.5]]",no_raw_match
PBX,Bottom,pbx006v03a_b,,../marked_images/landmarked_pbx/txt/bottom/PBX006V03a_B.txt,,,17,17,txt_uncalibrated,,,"[[2.7217, 1.123], [2.5572, 1.117], [2.4844, 1.1154], [2.4148, 1.1079], [2.3371, 1.0971], [2.4854, 1.1758], [2.5194, 1.1667], [2.4428, 1.1667], [2.3592, 1.1699], [2.445, 1.1802], [2.5054, 1.1828], [2.4854, 1.1769], [2.6419, 1.2087], [2.5264, 1.2163], [2.4709, 1.2206], [2.4045, 1.2319], [2.3333, 1.2411]]",no_calibration_for_txt_fallback;no_raw_match
PBX,Bottom,pbx013v18_b,../marked_images/landmarked_pbx/marked_tiff/bottom/PBX013V18_B_MARK.tif,../marked_images/landmarked_pbx/txt/bottom/PBX013V18_B.txt,,,17,17,roi,3840,2160,"[[2516.0, 1054.0], [2330.5, 1046.5], [2273.5, 1038.5], [2216.5, 1033.5], [2148.833251953125, 1028.8333740234375], [2336.166748046875, 1088.8333740234375], [2300.75, 1084.75], [2246.833251953125, 1079.5], [2180.833251953125, 1083.5], [2249.5, 1090.1666259765625], [2303.25, 1089.25], [2336.15625, 1088.875], [2447.166748046875, 1094.5], [2329.833251953125, 1113.1666259765625], [2278.5, 1125.8333740234375], [2223.166748046875, 1140.5], [2167.166748046875, 1148.5]]",no_raw_match
PBX,Right,pbx009v19_r,../marked_images/landmarked_pbx/marked_tiff/right/PBX009V19_R_MARK.tif,../marked_images/landmarked_pbx/txt/right/PBX009V19_R.txt,,,36,36,roi,3840,2160,"[[1369.0, 912.0], [1359.8333740234375, 1095.5], [1529.1666259765625, 1207.5], [1750.5, 1178.5], [1855.5, 1193.5], [1974.5, 1206.5], [2068.5, 1220.5], [2134.5, 1222.5], [2199.833251953125, 1235.8333740234375], [2271.166748046875, 1239.8333740234375], [2382.5, 1210.0], [2466.5, 1149.5], [2538.5, 1066.5], [1849.8333740234375, 1038.8333740234375], [1906.5, 1088.0], [1951.5, 1080.0], [2000.5, 1135.5], [2044.5, 1112.5], [2077.0, 1174.5], [2117.166748046875, 1130.5], [2139.833251953125, 1191.1666259765625], [2191.166748046875, 1133.8333740234375], [2221.166748046875, 1164.5], [2276.5, 1211.1666259765625], [2290.5, 1113.8333740234375], [2359.0, 1178.5], [2427.5, 1116.0], [2476.5, 1059.5], [1653.5, 925.5], [1650.8333740234375, 866.8333129882812], [1848.5, 978.1666870117188], [1951.166748046875, 1012.8333129882812], [2037.833251953125, 1036.1666259765625], [2113.833251953125, 1049.5], [2189.5, 1055.5], [2290.5, 1063.5]]",no_raw_match
PBX,Right,rx008v06_r,../marked_images/landmarked_pbx/marked_tiff/right/RX008V06_R_MARK.tif,../marked_images/landmarked_pbx/txt/right/RX008V06_R.txt,../raw_images/pbx/RX008V06_R.tif,PBX,36,36,roi,3840,2160,"[[1386.0, 921.0], [1367.5, 1116.5], [1509.5, 1216.5], [1723.5, 1186.1666259765625], [1848.8333740234375, 1186.8333740234375], [1959.5, 1199.5], [2064.166748046875, 1208.8333740234375], [2122.833251953125, 1214.1666259765625], [2193.5, 1222.5], [2256.5, 1221.5], [2372.5, 1198.8333740234375], [2477.16650390625, 1128.1666259765625], [2538.5, 1047.5], [1845.1666259765625, 1032.1666259765625], [1906.5, 1088.1666259765625], [1961.833251953125, 1081.5], [1999.166748046875, 1128.1666259765625], [2053.166748046875, 1108.8333740234375], [2073.833251953125, 1157.5], [2127.166748046875, 1122.1666259765625], [2145.833251953125, 1176.8333740234375], [2198.5, 1130.5], [2221.833251953125, 1162.1666259765625], [2268.5, 1196.0], [2278.5, 1097.5], [2347.833251953125, 1157.8333740234375], [2424.16650390625, 1091.8333740234375], [2468.16650390625, 1035.8333740234375], [1660.0, 930.5], [1658.0, 880.0], [1840.8333740234375, 973.5], [1957.166748046875, 1011.5], [2048.5, 1030.5], [2121.166748046875, 1040.5], [2192.5, 1047.0], [2276.0, 1049.0]]",duplicate_txt_identical
PBX,Right,rx008v07_r,../marked_images/landmarked_pbx/marked_tiff/right/RX008V07_R_MARK.tif,../marked_images/landmarked_pbx/txt/right/RX008V07_R.txt,../raw_images/pbx/RX008V07_R.tif,PBX,36,36,roi,3840,2160,"[[1400.0, 900.0], [1364.5, 1107.5], [1522.5, 1213.5], [1748.5, 1190.5], [1858.5, 1204.5], [1975.5, 1221.5], [2068.5, 1232.5], [2131.5, 1247.5], [2212.5, 1254.5], [2273.5, 1256.5], [2385.0, 1226.0], [2481.5, 1164.1666259765625], [2542.83349609375, 1076.1666259765625], [1844.5, 1050.8333740234375], [1912.5, 1099.5], [1974.5, 1100.1666259765625], [2008.5, 1140.8333740234375], [2061.833251953125, 1129.5], [2089.166748046875, 1176.8333740234375], [2137.833251953125, 1148.8333740234375], [2158.5, 1194.8333740234375], [2206.5, 1160.8333740234375], [2235.166748046875, 1184.1666259765625], [2277.833251953125, 1229.5], [2288.5, 1129.5], [2359.5, 1186.0], [2432.5, 1123.0], [2479.5, 1066.5], [1682.1666259765625, 939.8333129882812], [1676.8333740234375, 892.5], [1840.5, 988.8333129882812], [1972.5, 1038.1666259765625], [2058.5, 1058.5], [2133.5, 1069.5], [2201.5, 1074.5], [2284.5, 1079.5]]",duplicate_txt_identical
PBX,Right,rx009v01_r,../marked_images/landmarked_pbx/marked_tiff/right/RX009V01_R_MARK.tif,../marked_images/landmarked_pbx/txt/right/RX009V01_R.txt,../raw_images/pbx/RX009V01_R.tif,PBX,36,36,roi,3840,2160,"[[1388.0, 896.0], [1359.5, 1108.5], [1498.5, 1219.5], [1732.1666259765625, 1202.5], [1856.1666259765625, 1205.1666259765625], [1962.833251953125, 1211.8333740234375], [2065.833251953125, 1223.8333740234375], [2133.166748046875, 1224.5], [2207.833251953125, 1235.8333740234375], [2277.166748046875, 1233.5], [2391.16650390625, 1202.8333740234375], [2500.5, 1126.5], [2561.16650390625, 1037.5], [1846.1666259765625, 1042.5], [1911.5, 1093.1666259765625], [1965.5, 1091.8333740234375], [2006.166748046875, 1129.1666259765625], [2058.833251953125, 1114.5], [2088.166748046875, 1162.5], [2136.833251953125, 1128.5], [2148.833251953125, 1190.5], [2204.0, 1135.5], [2231.0, 1176.5], [2280.0, 1207.0], [2294.5, 1103.5], [2370.0, 1170.0], [2449.5, 1092.0], [2488.5, 1028.5], [1659.0, 928.0], [1656.0, 882.5], [1844.5, 984.8333129882812], [1964.166748046875, 1025.1666259765625], [2053.5, 1043.0], [2133.5, 1053.5], [2201.0, 1059.0], [2290.5, 1058.1666259765625]]",duplicate_txt_identical
Parents,Left,ll285xll286-1_l16,../marked_images/landmarked_parents/marked_tiff/left_side/LL285xLL286-1_L16_MARK.tif,../marked_images/landmarked_parents/txt/left/LL285xLL286-1_L16.txt,,,32,32,roi,2560,1920,"[[2033.5, 818.8333129882812], [2041.5, 1042.8333740234375], [1790.833251953125, 1194.8333740234375], [1543.5, 1150.5], [1404.5, 1153.5], [1247.5, 1163.5], [1126.5, 1176.5], [1026.5, 1184.5], [942.5, 1195.1666259765625], [818.8333129882812, 1201.8333740234375], [734.1666870117188, 1130.8333740234375], [670.1666870117188, 1057.5], [614.8333129882812, 982.1666870117188], [1437.5, 937.5], [1352.5, 1006.5], [1278.5, 994.5], [1224.5, 1063.5], [1154.5, 1042.5], [1111.5, 1099.5], [1044.0, 1062.5], [1015.5, 1118.0], [959.5, 1076.5], [931.5, 1134.5], [866.5, 1051.5], [1671.5, 793.5], [1672.5, 691.5], [1434.5, 842.5], [1276.5, 902.0], [1150.0, 932.0], [1036.5, 951.5], [952.5, 960.0], [861.5, 963.0]]",no_raw_match
Parents,Left,ll288xll022-1_l39,../marked_images/landmarked_parents/marked_tiff/left_side/LL288xLL022-1_L39_MARK.tif,../marked_images/landmarked_parents/txt/left/LL288xLL022-1_L39.txt,../raw_images/parents/LL288xLL022-1_L39.tif,Parents,32,33,roi,2560,1920,"[[1937.0, 847.0], [1961.5, 1135.5], [1759.8333740234375, 1276.1666259765625], [1464.5, 1224.5], [1304.5, 1223.5], [1140.5, 1235.5], [1007.5, 1246.5], [917.5, 1251.5], [815.5, 1248.8333740234375], [671.5, 1259.5], [575.5, 1185.5], [481.5, 1099.5], [418.1666564941406, 1014.5], [1309.5, 1003.5], [1225.5, 1077.5], [1150.5, 1070.5], [1090.5, 1124.5], [1012.5, 1103.5], [976.5, 1162.5], [898.5, 1120.5], [871.5, 1177.5], [798.5, 1135.5], [777.5, 1182.5], [699.8333740234375, 1113.5], [1575.5, 889.5], [1572.5, 799.5], [1303.5, 933.5], [1147.833251953125, 977.5], [1006.5, 1000.1666870117188], [896.8333740234375, 1012.5], [794.1666259765625, 1018.5], [692.8333740234375, 1019.8333129882812], [369.5, 245.5]]",n_mismatch_roi:33
Parents,Left,lx028xll255v2-1_l00,../marked_images/landmarked_parents/marked_tiff/left_side/LX028xLL255v2-1_L00_MARK.tif,../marked_images/landmarked_parents/txt/left/LX028xLL255v2-1_L00.txt,,,32,32,roi,2560,1920,"[[1976.0, 797.0], [2004.5, 1091.1666259765625], [1787.166748046875, 1179.1666259765625], [1509.5, 1148.5], [1327.5, 1150.5], [1154.5, 1166.5], [1014.5, 1173.8333740234375], [909.8333129882812, 1176.5], [823.1666870117188, 1191.1666259765625], [695.5, 1193.0], [602.5, 1137.5], [521.5, 1064.5], [448.5, 987.5], [1337.5, 953.5], [1245.166748046875, 1017.1666870117188], [1165.833251953125, 1009.1666870117188], [1104.166748046875, 1067.8333740234375], [1029.166748046875, 1049.1666259765625], [987.5, 1105.5], [907.1666259765625, 1067.8333740234375], [880.0, 1123.5], [809.5, 1081.5], [783.5, 1134.5], [709.5, 1045.5], [1601.5, 816.5], [1601.5, 725.5], [1336.5, 862.5], [1163.166748046875, 920.5], [1029.5, 945.5], [907.1666259765625, 960.5], [809.8333740234375, 967.1666870117188], [707.5, 967.5]]",no_raw_match
Parents,Left,px014xnp060v2-2_l04,../marked_images/landmarked_parents/marked_tiff/left_side/PX014xNP060v2-2_L04_MARK.tif,../marked_images/landmarked_parents/txt/left/PX014xNP060v2-2_L04.txt,,,32,32,roi,2560,1920,"[[1968.0, 765.0], [2040.16650390625, 980.1666870117188], [1874.83349609375, 1205.5], [1459.5, 1140.5], [1306.5, 1147.5], [1167.5, 1167.5], [1052.1666259765625, 1177.8333740234375], [953.5, 1184.5], [848.1666870117188, 1189.8333740234375], [763.5, 1172.5], [678.5, 1113.5], [599.8333129882812, 1031.1666259765625], [543.5, 962.5], [1336.5, 969.5], [1249.833251953125, 1030.8333740234375], [1182.5, 1034.1666259765625], [1133.166748046875, 1090.1666259765625], [1062.5, 1062.0], [1035.5, 1127.5], [950.5, 1078.5], [928.0, 1122.0], [860.1666259765625, 1083.1666259765625], [824.1666259765625, 1109.1666259765625], [811.5, 1037.8333740234375], [1591.5, 833.5], [1590.5, 771.5], [1331.5, 891.5], [1179.5, 934.5], [1060.5, 955.5], [945.1666259765625, 965.1666870117188], [855.8333740234375, 969.8333129882812], [809.8333740234375, 968.5]]",no_raw_match
Parents,Right,ll285xll286-1_r17,../marked_images/landmarked_parents/marked_tiff/right_side/LL285xLL286-1_R17_MARK.tif,../marked_images/landmarked_parents/txt/right/LL285xLL286-1_R17.txt,,,36,36,roi,2560,1920,"[[647.5, 894.5], [618.5, 1205.5], [819.5, 1324.5], [1064.5, 1279.5], [1244.5, 1276.5], [1403.5, 1288.5], [1545.5, 1300.5], [1645.5, 1304.5], [1738.5, 1312.5], [1812.5, 1320.8333740234375], [1982.1666259765625, 1281.5], [2128.5, 1214.5], [2252.83349609375, 1094.8333740234375], [1250.5, 1058.0], [1338.166748046875, 1121.5], [1406.166748046875, 1118.1666259765625], [1479.5, 1178.5], [1548.5, 1159.5], [1590.5, 1223.5], [1664.5, 1187.5], [1692.5, 1242.5], [1761.5, 1195.5], [1773.0, 1266.0], [1843.1666259765625, 1287.5], [1859.1666259765625, 1171.1666259765625], [1955.1666259765625, 1242.1666259765625], [2076.5, 1153.5], [2171.16650390625, 1076.8333740234375], [1003.5, 916.5], [1000.5, 838.5], [1247.0, 969.0], [1402.5, 1025.5], [1548.0, 1056.0], [1662.5, 1073.0], [1760.0, 1082.0], [1857.5, 1087.1666259765625]]",no_raw_match
Parents,Right,lx028xll255v2-1_r01,../marked_images/landmarked_parents/marked_tiff/right_side/LX028xLL255v2-1_R01_MARK.tif,../marked_images/landmarked_parents/txt/right/LX028xLL255v2-1_R01.txt,,,36,36,roi,2560,1920,"[[472.0, 846.0], [500.8333435058594, 1156.5], [793.5, 1249.5], [1007.5, 1209.5], [1188.5, 1203.8333740234375], [1349.833251953125, 1206.5], [1493.5, 1208.5], [1592.5, 1209.1666259765625], [1674.0, 1212.0], [1759.5, 1223.0], [1904.5, 1173.0], [2020.8333740234375, 1096.1666259765625], [2106.0, 970.5], [1141.5, 985.5], [1226.5, 1046.5], [1284.5, 1031.5], [1370.5, 1092.5], [1438.5, 1075.5], [1498.5, 1128.1666259765625], [1556.5, 1085.5], [1600.5, 1142.1666259765625], [1649.5, 1096.5], [1685.8333740234375, 1138.8333740234375], [1767.8333740234375, 1185.1666259765625], [1745.5, 1057.5], [1871.5, 1133.1666259765625], [1949.5, 1046.5], [2023.0, 965.0], [857.1666259765625, 866.1666870117188], [852.5, 767.5], [1142.5, 898.5], [1287.5, 941.5], [1442.5, 968.5], [1561.5, 977.5], [1654.5, 980.5], [1746.5, 980.5]]",no_raw_match
Parents,Right,px014xnp060v2-2_r03,../marked_images/landmarked_parents/marked_tiff/right_side/PX014xNP060v2-2_R03_MARK.tif,../marked_images/landmarked_parents/txt/right/PX014xNP060v2-2_R03.txt,,,36,36,roi,2560,1920,"[[692.0, 709.0], [608.5, 953.5], [826.5, 1188.8333740234375], [1139.833251953125, 1141.1666259765625], [1315.833251953125, 1153.1666259765625], [1450.5, 1178.5], [1558.5, 1189.5], [1657.5, 1194.5], [1753.5, 1204.5], [1850.5, 1201.1666259765625], [1979.5, 1152.5], [2084.5, 1077.5], [2147.5, 971.5], [1293.833251953125, 962.1666870117188], [1377.166748046875, 1020.8333740234375], [1447.166748046875, 1014.8333740234375], [1500.5, 1077.5], [1567.166748046875, 1055.5], [1601.5, 1119.8333740234375], [1673.5, 1076.5], [1685.5, 1152.5], [1770.1666259765625, 1092.5], [1800.8333740234375, 1126.5], [1871.1666259765625, 1155.1666259765625], [1812.5, 1047.1666259765625], [1950.8333740234375, 1099.8333740234375], [2026.8333740234375, 1032.5], [2091.5, 954.0], [1047.5, 800.5], [1047.5, 756.5], [1291.5, 889.5], [1445.0, 939.0], [1565.5, 959.5], [1668.5, 970.5], [1763.0, 976.0], [1808.5, 976.5]]",no_raw_match
