ID,species
FEB1xPBX012-1-V35,LBX
FEB1xPBX013-1-V12,LBX
FEB1xPBX013-1-V18,LBX
KMM20-V09,LBX
KMM20-V10,LBX
KMM20-V29,LBX
KMM5-V11,LBX
LBX001V02,LBX
LBX001V06,LBX
LBX001V07,LBX
LBX001V08,LBX
LBX001V10,LBX
LBX001V12,LBX
LBX001V13,LBX
LBX001V15,LBX
LBX001V18,LBX
LBX001V27,LBX
LBX001V29,LBX
LBX001V30,LBX
LBX001V31,LBX
LBX002V02,LBX
LBX002V04,LBX
LBX004V01,LBX
LBX005V01,LBX
LBX005V02,LBX
LBX005V03,LBX
LBX005V07,LBX
LBX005V09,LBX
LBX005V10,LBX
LBX005V11,LBX
LBX005V12,LBX
LBX005V14,LBX
LBX007V01,LBX
LBX007V02,LBX
LBX007V06,LBX
LBX007V08,LBX
LBX008V01,LBX
LBX008V02,LBX
LBX008V04,LBX
LBX008V05,LBX
LBX008V06,LBX
LBX008V07,LBX
LBX008V08,LBX
LBX008V10,LBX
LBX008V13,LBX
LBX009V01,LBX
LBX009V03,LBX
LBX009V05,LBX
LBX009V06,LBX
LBX009V07,LBX
LBX009V08,LBX
LBX009V09,LBX
LBX009V10,LBX
LBX009V15,LBX
LBX009V17,LBX
LBX009V21,LBX
LBX009V22,LBX
LBX009V23,LBX
LBX009V27,LBX
LBX010V01,LBX
LBX010V02,LBX
LBX010V03,LBX
LBX010V04,LBX
LBX010V06,LBX
LBX010V07,LBX
LBX010V09,LBX
LBX010V12,LBX
LBX010V16,LBX
LBX010V17,LBX
LBX010V18,LBX
LBX010V22,LBX
LBX010V24,LBX
LBX010V26,LBX
LBX010V27,LBX
LBX011V01,LBX
LBX011V02,LBX
LBX011V03,LBX
LBX011V04,LBX
LBX012V01,LBX
LBX013V01,LBX
LBX013V03,LBX
LBX013V04,LBX
LBX013V05,LBX
LBX013V07,LBX
LBX013V08,LBX
LBX013V09,LBX
LBX013V10,LBX
LBX013V11,LBX
LBX013V14,LBX
LBX013V16,LBX
LBX013V18,LBX
LBX013V19,LBX
LBX014V01,LBX
LBX014V02,LBX
LBX016V01,LBX
LBX016V02,LBX
LBX016V03,LBX
LBX016V04,LBX
LBX016V06,LBX
LBX016V08,LBX
LBX016V09,LBX
LBX016V10,LBX
LBX016V11,LBX
LL279xLL297-1,Lecontei
LL280xLL283-1,Lecontei
LL280xLL284-1,Lecontei
LL280xLL285-1,Lecontei
LL280xLL288-1,Lecontei
LL280xLL288-2,Lecontei
LL280xLL297-1,Lecontei
LL280xLL298-1,Lecontei
LL280xLX022-1,Lecontei
LL280xLX022-3,Lecontei
LL282xLL255v1-1,Lecontei
LL282xLL284-1,Lecontei
LL282xLL287-1,Lecontei
LL282xLL297-1,Lecontei
LL282xLL427v1-1,Lecontei
LL283xLX024-1,Lecontei
LL285xLL279-1,Lecontei
LL285xLL286-1,Lecontei
LL286XLL247-V1,Lecontei
LL286xLL247-V1,Lecontei
LL286xLL255-V2,Lecontei
LL286xLL288-1,Lecontei
LL286xLL288-2,Lecontei
LL286xLL297-1,Lecontei
LL286xLX022-1,Lecontei
LL287xLX022-1,Lecontei
LL288xLL022-1,Lecontei
LL288xLL255v2-1,Lecontei
LL288xLL287-1,Lecontei
LL288xLX022-2,Lecontei
LL289xLL286-1,Lecontei
LL297xLL283-1,Lecontei
LL298xLL247-V2A,Lecontei
LX024xLL247v1-1,Lecontei
LX025xLL247-V1,Lecontei
LX025xLL247v2-1,Lecontei
LX028xLL255v2-1,Lecontei
LX028xLL258v2-1,Lecontei
LX037xLL255v2-1,Lecontei
LX037xLL258v2-1,Lecontei
NP068xPX013-1,Pinetum
NP073xPX013-2,Pinetum
NP073xPX013-3,Pinetum
NP077xNP085-1,Pinetum
NP078xNP060-V2,Pinetum
NP078xNP060v4-1,Pinetum
NP078xPX013-1,Pinetum
NP081xNP060v4-1,Pinetum
NP086xPX014-1,Pinetum
NP089xNP060v2-1,Pinetum
NP091xPX013-1,Pinetum
NP096xNP060-V4,Pinetum
NP096xNP081-1,Pinetum
NP096xNP086-1,Pinetum
NP096xPX013-1,Pinetum
NP096xPX013-2,Pinetum
NP097xNP060-V2,Pinetum
NP097xNP077-1,Pinetum
PBX002V01,PBX
PBX002V04,PBX
PBX002V05,PBX
PBX002V06,PBX
PBX002V07,PBX
PBX002V08,PBX
PBX002V10,PBX
PBX002V11,PBX
PBX002V14,PBX
PBX002V15,PBX
PBX002V16,PBX
PBX002V17,PBX
PBX002V18,PBX
PBX002V19,PBX
PBX002V21,PBX
PBX002V22,PBX
PBX002V24,PBX
PBX002V25,PBX
PBX002V26,PBX
PBX002V28,PBX
PBX002V29,PBX
PBX002V31,PBX
PBX002V32,PBX
PBX002V33,PBX
PBX002V35,PBX
PBX002V36,PBX
PBX004V01,PBX
PBX004V02,PBX
PBX004V05,PBX
PBX005V02,PBX
PBX005V03,PBX
PBX005V04,PBX
PBX005V07,PBX
PBX005V08,PBX
PBX006V02b,PBX
PBX006V03a,PBX
PBX006V04b,PBX
PBX006V07,PBX
PBX006V08,PBX
PBX006V09,PBX
PBX006V11,PBX
PBX006V13,PBX
PBX006V14,PBX
PBX006V20,PBX
PBX006V21,PBX
PBX006V22,PBX
PBX008V01,PBX
PBX009V05,PBX
PBX009V07,PBX
PBX009V12,PBX
PBX009V14,PBX
PBX009V17,PBX
PBX009V18,PBX
PBX009V19,PBX
PBX009V20,PBX
PBX009V21,PBX
PBX009V24,PBX
PBX009V25,PBX
PBX009V26,PBX
PBX009V27,PBX
PBX009V28,PBX
PBX009V29,PBX
PBX009V30,PBX
PBX009V32,PBX
PBX009V33,PBX
PBX009V35,PBX
PBX009V36,PBX
PBX010V02,PBX
PBX011V01,PBX
PBX011V03,PBX
PBX011V05,PBX
PBX011V06,PBX
PBX011V07,PBX
PBX011V09,PBX
PBX011V11,PBX
PBX011V12,PBX
PBX011V14,PBX
PBX011V16,PBX
PBX011V18,PBX
PBX012V01,PBX
PBX012V02,PBX
PBX012V04,PBX
PBX012V05,PBX
PBX012V06,PBX
PBX012V10,PBX
PBX012V11,PBX
PBX012V14,PBX
PBX012V15,PBX
PBX012V18,PBX
PBX012V19,PBX
PBX012V20,PBX
PBX012V21,PBX
PBX012V23,PBX
PBX012V24,PBX
PBX012V25,PBX
PBX013V02,PBX
PBX013V03,PBX
PBX013V06,PBX
PBX013V09,PBX
PBX013V11,PBX
PBX013V13,PBX
PBX013V14,PBX
PBX013V15,PBX
PBX013V17,PBX
PBX013V18,PBX
PBX013V19,PBX
PBX013V21a,PBX
PBX013V22,PBX
PBX013V23,PBX
PX013xNP060-V2,Pinetum
PX013xNP060-V4,Pinetum
PX013xNP060v4-2,Pinetum
PX013xNP086-1,Pinetum
PX013xNP097-1,Pinetum
PX013xPX012-1,Pinetum
PX014xNP012-5,Pinetum
PX014xNP060-V4,Pinetum
PX014xNP060v2-2,Pinetum
PX014xNP060v4-2,Pinetum
PX014xNP068-V1-2,Pinetum
PX014xNP068v1-1,Pinetum
PX014xNP072-1,Pinetum
PX014xNP072-2,Pinetum
PX014xNP072-36,Pinetum
PX014xNP072-3A,Pinetum
PX014xNP072-4,Pinetum
PX014xNP072-6,Pinetum
RX001-V06,F1
RX001-V5,F1
RX001-V6,F1
RX001-V8,F1
RX001v4,F1
RX001v7,F1
RX004-V1,F1
RX005-V1,F1
RX005-V2,F1
RX006-V1,F1
RX006-V2,F1
RX006-V3,F1
RX008-V2,F1
RX008-V3,F1
RX008-V4,F1
RX008V06,F1
RX008V07,F1
RX009-V4,F1
RX009-V9,F1
RX009V01,F1
RX010-V1,F1
RX010-V2,F1
RX010-V3,F1
RX011-V1,F1
RX013xINV7-1-V17,LBX
RX013xINV7-1-V18,LBX
RX013xINV7-1-V22,LBX
RX013xINV7-1-V23,LBX
RX013xINV7-1-V24,LBX
RX013xINV7-1-V26,LBX
RX013xINV7-1-V27,LBX
RX013xINV7-1-V28,LBX
RX013xINV7-1-V31,LBX
RX013xINV7-1-V32,LBX
RX013xINV7-1-V35,LBX
RX013xINV7-1-V36,LBX
RX013xINV7-1-V38,LBX
RX013xINV7-1-V39,LBX
